	rid	error
0	G000196455_1_read3120983	1.4098607790000002
1	G000404925_1_read3524129	0.9024989513
2	G000995995_1_read9292325	1.1926280609000002
3	G001792215_1_read8810459	1.4527498243
4	G000503835_1_read1175871	0.01385691869143217
5	G000503835_1_read7292841	0.013758760590697779
6	G000372165_1_read2994656	0.8381681124999999
7	G001780955_1_read3391351	0.18981340371750144
8	G001788225_1_read6013979	0.7732615612
9	G001774295_1_read1091083	0.006416090723779337
10	G001774295_1_read9484751	0.000543619788542309
11	G001774275_1_read3783070	2.7746614285714284e-05
12	G001774295_1_read7119939	0.0007041638571428571
13	G001774295_1_read3918852	0.0006317521142857143
14	G001774295_1_read3866162	0.0030918784571428567
15	G001872335_1_read2821190	0.6546819643
16	G001872335_1_read9935610	0.3255511272
17	G001872335_1_read3656170	0.4155315976
18	G001773775_1_read3737019	0.056759717858975524
19	G001773775_1_read980519	0.01897232824944317
20	G001792215_1_read235046	0.5646531749
21	G001792215_1_read9450986	0.182979923225
22	G000196455_1_read3041227	1.4098607790000002
23	G000992445_1_read1091760	0.04148789092670211
24	G001789085_1_read252627	6.975714285714286e-07
25	G001789085_1_read666435	1.3547e-06
26	G001789085_1_read6608858	0.0020688097428571426
27	G001899385_1_read3169195	0.1781728554674846
28	G000014865_2_read1016768	0.8033556156999999
29	G000014865_2_read4779278	0.7816871363
30	G000992445_1_read7842327	0.011426684833222716
31	G001872305_1_read1126217	1.1212677185
32	G001818735_1_read2580634	0.00235119895
33	G001818735_1_read9378700	0.0023735890002657568
34	G000992445_1_read5626424	1.0250189975000001
35	G001784435_1_read4740232	0.22839899139310318
36	G001872305_1_read7479797	0.3007046178578036
37	G001872305_1_read7603251	0.7818731084999999
38	G001784235_1_read4902839	0.0012304162137184971
39	G001784235_1_read1731781	0.0017750283250000001
40	G001784435_1_read9590124	0.6771634924000001
41	G001818625_1_read6753049	0.4056055005797844
42	G001822865_1_read9562101	0.1569720228
43	G001004055_1_read6885489	0.00037915191090531986
44	G001794605_1_read5179063	0.0177208667
45	G001818535_1_read2830804	0.034039029299999995
46	G001824255_1_read5471113	0.11603893450762508
47	G001824255_1_read5464129	0.11603893450762508
48	G001819135_1_read8537049	0.3369837689
49	G001819135_1_read1583130	0.0033046129006409843
50	G001824255_1_read1313136	0.7378958610999999
51	G001567365_1_read3910039	0.07721388823698608
52	G001567365_1_read5248657	0.07721388823698608
53	G001567365_1_read1991822	0.3023470333
54	G001824255_1_read8689087	0.11603893450762508
55	G001824255_1_read8930734	0.010172205865097584
56	G000014865_3_read3335532	0.47757634029999996
57	G000372165_1_read3047807	0.6737848256925039
58	G000020945_1_read7923642	-0.08192719590000003
59	G000372165_1_read5847714	2.045356776
60	G001027025_1_read7390343	0.36493550669999997
61	G000017545_1_read814875	0.30308820830000005
62	G001027025_1_read8398594	0.2989161118
63	G000828675_1_read7621862	0.010195385709808994
64	G000023325_2_read5859562	0.5007692547
65	G000023325_1_read6444931	0.41437621859999996
66	G000017545_2_read5851095	0.007963946304029355
67	G000828675_1_read8084296	0.3064963213
68	G000017865_1_read6010055	0.0037594178940830287
69	G000017865_1_read9910153	0.3361875592
70	G000017865_1_read461748	0.004868771468753455
71	G000828675_1_read374662	0.41855780400000003
72	G000017865_1_read2698462	0.2682738981463452
73	G000828675_1_read7665960	0.3064963213
74	G001027025_1_read4776869	0.5880160509
75	G000237805_1_read1604549	0.3171564335
76	G000016165_7_read5088163	0.5733960391999999
77	G000025885_1_read4599071	0.4411367278
78	G000025885_3_read4378114	0.5117401003000001
79	G000025885_2_read5256790	0.014212997489536017
80	G001486165_2_read7072651	1.2933829792
81	G000752215_1_read4846936	1.0267204337
82	G001771535_1_read2728900	0.0403900128
83	G000371925_2_read4923047	1.1375436878999998
84	G001486165_3_read9974502	0.6884717133
85	G001899385_1_read1467225	0.9724562481
86	G001544015_2_read5508623	0.7391157351
87	G000174415_1_read1456682	0.03927797815681489
88	G000179255_1_read1967160	0.25978632420000003
89	G000332275_2_read935069	0.09491914394942809
90	G000014585_1_read1720369	0.11951710119999999
91	G000014585_2_read5593707	0.006777308886508533
92	G000635595_1_read1634118	0.008597602528571429
93	G000014585_1_read8422389	0.286604692
94	G000635595_1_read8471840	0.020278230985714282
95	G000179255_1_read2285112	0.045970522421062664
96	G000014585_1_read4431383	0.004710001972053289
97	G001870905_1_read6021394	0.2690281418
98	G000014585_1_read3566989	0.286604692
99	G000635595_1_read4833445	0.014610382742857137
100	G000635595_1_read4798197	0.014610382742857137
101	G000332175_2_read3583372	0.1944128957
102	G000775285_1_read6352788	0.28781583369999997
103	G000332175_2_read3852334	0.1194657969
104	G000775285_1_read7712214	0.15381918179999998
105	G000775285_1_read4829742	0.02859351859949192
106	G001870905_1_read3919205	0.39815785039999996
107	G000332275_2_read8957342	0.24442932598064387
108	G000332275_2_read1871756	0.33577183499999996
109	G000332275_2_read4027924	0.4302690388
110	G000613065_1_read5428431	0.05948102067619414
111	G000016165_2_read5221086	1.0048326894000001
112	G000332175_1_read4966689	0.012345730745438923
113	G000016165_8_read183610	1.1368808392
114	G000744935_7_read3200108	0.6395274574
115	G000613065_1_read5879843	0.003452774666155881
116	G000447295_1_read3511699	0.062427367899999996
117	G000613065_1_read4059452	0.05948102067619414
118	G000332175_1_read7500961	0.09806572184835359
119	G000447295_2_read4503124	0.0008064449370842348
120	G000447295_1_read6739402	0.007146743082427123
121	G000447295_1_read6516229	0.021288665535500222
122	G000447295_1_read976673	0.005008118844531942
123	G000447295_2_read5556309	0.021288665535500222
124	G001899385_1_read4062829	1.3832058886
125	G001777945_1_read8239461	1.1210354702
126	G001023575_1_read9320898	0.2611683167555993
127	G000016165_2_read3502238	0.012624365362513455
128	G000024985_2_read4648237	0.22226894730000002
129	G001544015_1_read8252651	0.008691088649061604
130	G000024985_2_read9337968	0.5682554831
131	G000152145_1_read1239398	0.334543928
132	G000372165_1_read2575113	0.15451490765714287
133	G000516515_3_read4385120	0.0003589080999999994
134	G000152145_1_read3646846	0.013452012368625331
135	G000516515_1_read5692888	0.007790374400000001
136	G000152145_1_read3718278	0.1544952931
137	G000372165_1_read8765522	0.801234664
138	G000372165_1_read672754	0.9742546421
139	G001796355_1_read4191158	0.005397221289934966
140	G001796355_1_read1746858	0.4051252027
141	G001796355_1_read7471245	0.09516671090748138
142	G001796355_1_read6087377	0.006246811605948955
143	G001796355_1_read6375857	0.003754987841320813
144	G001796355_1_read1575615	0.5803519855
145	G001796355_1_read1552810	0.254767536
146	G001796355_1_read7704962	0.4003842265
147	G000252445_4_read1155249	0.012513234740118964
148	G000252445_4_read9902018	0.1289291238
149	G000252445_3_read6405826	0.009955832678108529
150	G000252445_1_read9896586	0.1310286366
151	G000252445_1_read1496825	0.12812668230000002
152	G000252445_3_read7964695	0.12812668230000002
153	G000252445_3_read4620072	0.1330622994
154	G000252445_3_read6537630	0.12812668230000002
155	G000252445_2_read6859092	0.05814456991645484
156	G000252445_2_read65181	0.009955832678108529
157	G000252445_4_read3416958	0.09102222269206572
158	G000252445_3_read8193676	0.12812668230000002
159	G000008565_1_read3466932	0.1514065041
160	G000008565_2_read4028120	0.01285925736910859
161	G000008565_3_read5471411	0.006662880649262248
162	G000252445_4_read8588110	0.05814456991645484
163	G000196455_3_read9870757	0.4570175559
164	G001544015_2_read3633715	0.7178962563
165	G000411555_4_read7591527	0.0681012512
166	G000411555_3_read7025070	0.2963278424
167	G000564995_1_read41099	0.06469419471781418
168	G000411555_1_read7290288	0.2973486286
169	G000411555_2_read5340244	0.03149639780142232
170	G000411555_3_read6958170	0.2973486286
171	G000564995_1_read8501593	0.01627313019856963
172	G000411555_4_read1416843	0.03140101217132035
173	G000411555_1_read6221895	0.03143356123001554
174	G000411555_4_read7180622	0.04730004525
175	G000411555_2_read1325602	0.03140055271214559
176	G900108495_1_read8296999	0.002667522310268433
177	G900108495_1_read5682870	0.12773893675490972
178	G000411555_2_read6955676	0.23851345949999997
179	G900108495_1_read5806977	0.017369441700000002
180	G900128965_1_read3920777	0.522200515
181	G001023575_1_read9938094	0.5757098391
182	G000092225_2_read4228510	0.5075902069
183	G000585375_1_read7337880	0.05396922615062096
184	G001429255_1_read1966266	0.0012232844015811575
185	G000585375_2_read8838013	0.5036907367
186	G001583415_2_read8316172	0.22998897767961277
187	G000585375_1_read9694134	0.3769594526
188	G000719275_1_read7832905	0.3617827629
189	G001302585_1_read2758060	0.4319765824
190	G001302585_3_read8614425	0.43889450909999994
191	G000585375_2_read3236167	0.3294819459
192	G000024025_1_read4119770	0.4866701908
193	G001428305_1_read7170510	0.4559884468
194	G000719275_1_read9688723	0.0005462501066693181
195	G000092225_2_read6666540	0.0683468566
196	G000023925_1_read3449784	0.6537736613999999
197	G000023865_3_read6050520	0.8051640523
198	G000092225_1_read5595643	0.0683468566
199	G000023925_2_read8759309	0.36554267279999997
200	G000023925_2_read4172411	0.5338022245999999
201	G000585375_2_read4893700	0.32806412
202	G000960475_1_read4239994	0.1994472689
203	G000737865_3_read4844869	0.7254353644
204	G000413315_4_read7901890	0.922954498
205	G000960475_1_read4768707	0.6408920936
206	G001302585_3_read1557018	0.6054955563
207	G001429255_1_read6017019	0.09126269771615998
208	G000413315_2_read9408250	0.7712072587
209	G000826085_1_read1275862	0.43361787300132165
210	G000768705_1_read6281594	0.025744947464078415
211	G000826085_3_read246135	0.19961789003278138
212	G000024025_2_read4628599	0.3769897836
213	G000960475_1_read742456	0.6872156431
214	G000585375_1_read7320675	0.46558159800000004
215	G000826085_2_read9543666	0.43361787300132165
216	G000308795_1_read3637752	0.34647364309999995
217	G001302585_2_read9883145	0.4319765824
218	G000620625_1_read5034548	0.012640887751933946
219	G000092225_2_read3175011	0.046506551320395634
220	G000092225_2_read4191882	0.046506551320395634
221	G000023865_3_read6509276	0.002289435622120789
222	G001302585_1_read7415929	0.2176050416
223	G000023865_3_read5836703	0.026901431361022948
224	G000023865_2_read1175358	0.026901431361022948
225	G000024025_3_read3070222	0.3769897836
226	G000719335_1_read5985331	0.0016699150107322108
227	G001302585_2_read7018530	0.135371112554782
228	G001302585_3_read8770375	0.2142452406
229	G001302585_2_read7355603	0.135371112554782
230	G001302585_3_read6006737	0.2142452406
231	G000092225_2_read2407615	0.4985826864
232	G001867005_2_read8395424	0.029493894511740525
233	G000023865_3_read6198824	0.0035699756167223216
234	G000023865_2_read6603524	0.09385491339999999
235	G000023865_3_read3255908	0.0014687956151676034
236	G000023865_3_read724923	0.0978780794
237	G000156595_1_read8202836	0.14949750196218883
238	G001867005_2_read6125179	0.00719108794949817
239	G001867005_1_read5115193	8.044706431960105e-07
240	G001867005_3_read7452478	0.12366684943060287
241	G000156595_1_read7160989	0.06655760180621682
242	G001867005_2_read674017	0.008275275035488682
243	G000156595_1_read8427039	0.0763487354
244	G001867005_1_read3230457	0.0042674078571428575
245	G001867005_4_read4033549	0.2954094006
246	G000156595_1_read8295389	0.3775803314
247	G000413315_3_read1173959	0.014235412639736003
248	G000156595_1_read2215442	0.36376660439999997
249	G001867005_2_read938689	0.0017815337390966663
250	G001867005_4_read8577360	0.003292785227314048
251	G000092225_1_read7581456	0.019008434136869007
252	G000092225_2_read2184982	0.16648078819999998
253	G001583415_1_read6702138	0.004374444986238224
254	G000620625_1_read6344589	0.02891710956701151
255	G001583415_2_read5299351	0.026929535122893564
256	G001583415_2_read8166701	0.006699384538319378
257	G001583415_1_read642047	0.1517649435
258	G001583415_1_read2296513	0.6364618093000001
259	G001583415_1_read7672575	0.0067414195006008605
260	G000195855_1_read1628935	0.0508547988
261	G000195855_1_read3001804	0.0508547988
262	G000719335_1_read1233667	0.05707771944732576
263	G000719275_1_read8360985	0.06031532302298012
264	G000308795_1_read8067812	0.09038759419999999
265	G000092225_2_read4624167	0.08407136217788008
266	G000515395_1_read321977	0.2352403579
267	G900105065_1_read34788	0.014109664523450886
268	G000826085_2_read2150782	0.2800249467
269	G000737865_3_read7269319	0.0027459813070555656
270	G000413315_2_read5707044	0.35533038139999995
271	G000413315_3_read2652894	0.4407381759
272	G000413315_1_read2022923	0.4407381759
273	G000413315_3_read3681662	0.7510121942999999
274	G000413315_4_read7550220	0.49371010499999995
275	G000413315_2_read3072804	0.47058863059999995
276	G000413315_3_read5657589	0.016828671695598357
277	G000826085_3_read732577	0.007699163767796932
278	G000826085_3_read3539378	0.42838246319999995
279	G000145555_1_read217935	0.0451369634
280	G000826085_3_read1213564	0.42838246319999995
281	G000826085_2_read1128604	0.007699163767796932
282	G000413315_2_read6307822	0.35533038139999995
283	G000238915_1_read7288962	0.3605025701
284	G000960475_1_read9740742	0.1979167584
285	G000826085_2_read6902394	0.012091353862478163
286	G000960475_1_read1906088	0.3051521306
287	G001279985_1_read6691215	0.002158380628877236
288	G001279985_1_read3416665	0.02063990920168496
289	G001279985_1_read3870683	0.25009658339999996
290	G001279985_1_read1783745	0.08192767807037278
291	G001279985_1_read2496031	0.03500892007850474
292	G000315465_1_read8299047	0.5703208379
293	G000023925_1_read2098218	0.014792943725814254
294	G000315465_3_read7519412	0.5358146502000001
295	G000023925_2_read7326306	0.2282357794409131
296	G001428305_1_read2695227	0.06499278416161725
297	G000768705_1_read8800066	0.022502362698858292
298	G000768705_1_read2564250	0.0718963873
299	G001429255_1_read736678	0.0035340431988128817
300	G001408335_1_read7026958	0.29690195269999997
301	G000238915_1_read3971844	0.007555260199374296
302	G000238915_1_read613175	0.0012582435890547516
303	G000153145_2_read2823837	0.3737818079
304	G000582705_1_read414796	0.018913547627988084
305	G000582705_1_read1971778	0.1072036126073917
306	G000582705_1_read5027499	0.03664121592598494
307	G001429255_1_read1536681	0.5732922099
308	G000153145_2_read5578829	0.0319251239812874
309	G000153145_1_read5596527	0.009282769589884773
310	G000153145_2_read5732269	0.0821367821
311	G000153145_1_read4892384	0.0821367821
312	G000153145_2_read8417832	0.004167691578023651
313	G001429255_1_read9123524	0.02161903849643268
314	G000737865_1_read348511	0.0038329358251419946
315	G000737865_1_read1695879	0.031009491300967494
316	G000737865_2_read8462345	0.0018943154776248628
317	G000737865_1_read5305136	0.19205957369999999
318	G000737865_3_read3861946	0.1095506701
319	G000737865_3_read5807127	0.021719997254533475
320	G000737865_2_read7020443	0.038735861657552426
321	G000737865_3_read4886620	0.038735861657552426
322	G000315465_3_read4415884	0.009133435073885872
323	G000315465_3_read3346435	0.1585341864
324	G000315465_2_read2013257	0.48130996049999997
325	G000315465_1_read7808808	0.03323782711620585
326	G001544015_2_read3115550	0.04593597960784017
327	G001742305_1_read8300859	0.09631658069137813
328	G000210615_1_read5964007	1.5305586369
329	G000512895_2_read8266185	1.0480615016
330	G000025725_1_read6262475	0.9785828074
331	G000025725_2_read5602361	0.7260814371
332	G000983115_1_read5584811	0.341126728
333	G000189775_5_read5213654	0.12829317099999998
334	G000013105_1_read1168883	0.2755302132
335	G000174415_2_read6123351	0.9941216503
336	G000014865_1_read2149525	0.034625034526068195
337	G000016165_1_read8721912	0.3069239417
338	G000016165_7_read7754851	0.22594311230000003
339	G000016165_3_read1450019	0.02082622861381025
340	G000016165_4_read3215908	0.23360816830000003
341	G000016165_3_read5862187	0.011461190242533833
342	G000512895_4_read8913308	1.0480615016
343	G000016165_6_read6142059	0.1856168092
344	G000014865_2_read123954	0.06885221471674971
345	G001486165_1_read6843190	0.3568464834
346	G000740855_1_read3920416	0.09279938087329621
347	G000744935_10_read5000302	1.0017679062999998
348	G000016165_7_read6383658	0.1696372666
349	G000014865_2_read1598844	0.5503840378
350	G000469585_1_read3191610	0.8736327763
351	G000800295_1_read9368040	0.6529904069000001
352	G000512895_4_read2849949	0.3697443439
353	G000512895_2_read4222692	0.4143772173
354	G000196455_5_read9374939	0.03102503805869723
355	G000512895_4_read6255127	0.011376766439190162
356	G000512895_2_read221961	0.3202902063
357	G000512895_1_read2613580	0.4143772173
358	G000384135_1_read3776488	0.013141724172426416
359	G001742305_1_read8527371	0.36694042849999997
360	G000208405_4_read7445483	0.013225223860305379
361	G000208405_2_read3125047	0.2738265453
362	G000208405_4_read8198723	0.25858700560000003
363	G000208405_2_read2569711	0.07257891648765888
364	G000208405_3_read3067243	0.28054031970000004
365	G000208405_2_read2772316	0.23047736900000002
366	G000384135_1_read8309018	0.5056956676
367	G000384135_2_read7770904	0.3328502959
368	G000208405_2_read6515745	0.10282157509931641
369	G000208405_1_read6652568	0.10044469781384001
370	G000208405_3_read3635150	0.222331633
371	G000208405_4_read3444899	0.008472131537218255
372	G000208405_1_read491106	0.0033946219728516165
373	G000208405_3_read8592223	0.0033946219728516165
374	G000208405_4_read7018341	0.23478837860000001
375	G000208405_4_read5043068	0.2474605453
376	G000208405_4_read6102687	0.2810888227
377	G000016165_3_read5083095	1.1368808392
378	G000189775_2_read8235885	0.12829317099999998
379	G000196455_6_read8659984	0.7610921865
380	G000189775_1_read8937613	-0.018379502299999996
381	G001544015_1_read2040036	0.7178962563
382	G000189775_5_read1891866	0.0469627923
383	G000744935_1_read3858381	0.2679273787
384	G000744935_2_read4935350	0.4214253825
385	G000007625_1_read8912743	0.3212451292
386	G000744935_7_read2116018	0.47447651
387	G001317355_1_read5386127	0.695905232
388	G900129265_1_read4920287	0.0842831916
389	G000744935_9_read7478303	0.19609949677763694
390	G000007625_3_read4615904	0.3212451292
391	G000744935_6_read3606250	0.47447651
392	G000007625_1_read9660445	0.3082981982
393	G000744935_6_read533690	0.2679273787
394	G000007625_1_read8735673	0.24830936720000002
395	G000007625_1_read25415	0.4784950206
396	G000744935_6_read2883166	0.4574118088
397	G000744935_9_read5385175	0.30854904429999996
398	G000744935_8_read8832160	0.4214253825
399	G000007625_6_read7942638	0.4627269753
400	G000007625_6_read2161809	0.009303705459179796
401	G000744935_11_read2689903	0.01372074769289635
402	G001317355_1_read958614	0.6675892575
403	G000007625_2_read1255199	0.3733599112
404	G000007625_3_read3125844	0.3568824095
405	G000744935_1_read7140084	0.10516328601589804
406	G000744935_11_read4733532	0.48054286849999994
407	G000744935_10_read5030102	0.28548573392736415
408	G000744935_7_read4945123	0.2743918099
409	G000007625_2_read6464099	0.12098547819474041
410	G000744935_3_read5257483	0.4789730273
411	G000744935_8_read2932830	0.30854904429999996
412	G000196455_4_read2348603	0.17695893237682744
413	G000744935_3_read3663769	0.47447651
414	G000744935_6_read2946980	0.01372074769289635
415	G000744935_4_read9859480	0.4789730273
416	G000744935_11_read906534	0.13924838319568794
417	G000744935_5_read566254	0.4789730273
418	G000744935_3_read82843	0.4789730273
419	G000007625_6_read1746217	0.5018726686000001
420	G000744935_8_read5273486	0.013425216731224328
421	G000007625_3_read2068928	0.5169161686000001
422	G000007625_3_read354253	0.628923593
423	G000744935_7_read9789219	0.01372074769289635
424	G000007625_2_read6451287	0.4384757321
425	G000007625_4_read5667932	0.004718535977525752
426	G001317355_1_read9485023	0.6215529902
427	G000744935_9_read5330903	0.030523245137505487
428	G001486165_1_read8058860	0.4090168139
429	G900120165_1_read9024139	0.6659536895
430	G000174415_1_read5543752	0.6287662119999999
431	G000299355_5_read9887332	0.7221966271
432	G000875945_1_read9427185	0.5284342107
433	G000995995_1_read2090911	1.3311169757
434	G000196455_2_read6446401	0.07994774564449998
435	G000800295_2_read2313345	0.012396643182797616
436	G000196455_6_read6981783	0.034097439788134835
437	G000800295_3_read4065460	0.012396643182797616
438	G000196455_1_read8716638	0.2774230437
439	G000196455_5_read3723895	0.2774230437
440	G000299355_6_read6299619	0.38932063370000003
441	G000299355_5_read9090367	0.38932063370000003
442	G000196455_5_read7786532	0.02147609219150787
443	G000621485_1_read1567221	0.3382074351
444	G000196455_6_read1027808	0.010266661768214204
445	G000196455_2_read4703130	0.484313872
446	G000196455_6_read6212303	0.484313872
447	G000196455_4_read668623	0.2774230437
448	G000299355_3_read4728107	0.10974521911535508
449	G000196455_2_read6155326	0.3449106058
450	G000299355_2_read7559374	0.004403785392153489
451	G000299355_6_read2669924	0.38932063370000003
452	G000299355_2_read6946562	0.1204473125252936
453	G000299355_5_read4110653	0.38176080060000006
454	G900120165_2_read9930148	0.011561405571208496
455	G000299355_4_read1974532	0.22294933500000003
456	G000299355_5_read3258720	0.025106614954038067
457	G900114975_1_read4452624	0.04607051703230724
458	G000299355_2_read2786021	0.009953993468534178
459	G000299355_5_read2170433	0.008650537945022557
460	G900142285_1_read4333047	0.11510102987958017
461	G000758845_1_read8887540	0.019929669714711634
462	G900120165_1_read3111989	0.7785657354
463	G000758845_1_read9140728	0.6681913282
464	G000758845_1_read7031711	0.17118314365549941
465	G000800295_3_read675411	0.6529904069000001
466	G000800295_3_read4560527	0.6529904069000001
467	G000174415_1_read2209345	0.44472235419999995
468	G000312025_1_read8779420	0.0031203816670717795
469	G000312025_1_read8194910	0.004677425911037951
470	G000312025_1_read2938300	0.013576485759098674
471	G900120165_2_read5782358	0.12628040872266474
472	G900120165_1_read7241819	0.7176790139
473	G000800295_1_read9077299	0.4907686573
474	G001317355_1_read2661848	0.6215529902
475	G000702485_5_read8421563	0.48768446680000005
476	G001486165_1_read9884519	0.725669493
477	G001486165_1_read1896663	0.725669493
478	G001777945_1_read4966794	1.2210844396
479	G000702485_1_read7801301	1.0206867301
480	G001486165_1_read4644539	0.725669493
481	G900095865_4_read5873935	0.006047331218444925
482	G001486165_2_read4709452	0.5965877485
483	G001486165_3_read9591188	0.5965877485
484	G001941055_1_read7397664	0.6471395617
485	G000383295_1_read8852104	0.005214873875916238
486	G000469445_1_read9946681	0.004832117564484721
487	G900095865_5_read3348620	0.5867211134
488	G000469445_1_read4750819	0.07167681493326782
489	G900110045_1_read153325	0.011289653046127028
490	G000752215_1_read621581	0.4434085862
491	G900095865_5_read4846652	0.0150570396228084
492	G900095865_4_read1743506	0.8240832793999999
493	G900095865_4_read288022	0.19545479359999998
494	G000752215_2_read7539622	0.04554066000652115
495	G000752215_2_read778026	0.3729484743
496	G900095865_3_read2979125	0.2825509869
497	G900095865_2_read8046303	0.2825509869
498	G900095865_4_read3994647	0.2078553514
499	G900095865_1_read3749005	0.010868449932719673
500	G001941055_1_read6526768	0.7884908171999999
501	G900095865_1_read1695271	0.2431771599
502	G900095865_5_read1069009	0.2431771599
503	G001486165_2_read4348673	0.7385023002
504	G000210095_1_read2277825	0.5075217237
505	G900095865_3_read4136796	0.010868449932719673
506	G900095865_4_read6356097	0.08834156174354457
507	G000752215_1_read1373116	0.005150485808228447
508	G000235505_1_read8134385	0.006635774178516447
509	G000235505_1_read8700660	0.08472935497686612
510	G000875945_1_read2391064	0.25191457230000003
511	G000621405_1_read918389	0.4264688941
512	G000235505_1_read2632875	0.011809303305318146
513	G000701545_1_read3055245	0.006263189013246051
514	G000403295_3_read1197145	0.01624299440084112
515	G000235505_2_read1009823	0.439884178
516	G000403295_3_read1905627	0.44191248359999996
517	G000875945_1_read598937	0.006446537916954835
518	G000403455_2_read6833911	0.6826751241
519	G000235505_1_read160689	0.3521735526
520	G000235505_1_read7027009	0.19234008831999158
521	G000403295_2_read2658315	0.18330194977832526
522	G000403295_3_read2977034	0.0040993241649983575
523	G000403295_2_read3545907	0.18330213531407005
524	G000235505_2_read4624868	0.008345590623481914
525	G000403295_1_read8604549	0.0040993241649983575
526	G000235505_1_read2237102	0.0410514224594179
527	G000403295_2_read8757735	0.010091550926915301
528	G000424265_1_read1839794	0.005004263891157694
529	G000424265_1_read1637842	0.020153883100000002
530	G000424265_1_read1170598	0.0031737939767968
531	G000235505_2_read9833892	0.01098430787381098
532	G000403295_2_read373229	0.18330213531407005
533	G000403455_1_read2892524	0.1377014558
534	G000403295_3_read3974096	0.18330213531407005
535	G000235505_2_read7090572	0.008345590623481914
536	G000403455_3_read5726869	0.005290092768888254
537	G000403455_3_read5676076	0.009450907367117786
538	G000403295_2_read1305282	0.3616492283
539	G000403295_3_read3436441	0.179475494
540	G000403295_3_read7564030	0.4178639861
541	G000235505_1_read8799262	0.008502078975049988
542	G000403295_1_read2975297	0.37747553030000003
543	G000218765_1_read82532	0.5810880653
544	G000371925_2_read7719370	0.6895136974
545	G000371925_1_read4687799	0.6895136974
546	G000702485_6_read7681657	0.0030248664478179734
547	G000702485_6_read1570116	0.14842459053396664
548	G001742305_1_read9426236	0.45687038160000004
549	G000702485_6_read5209456	0.0037363958170299884
550	G000702485_4_read2385512	0.269629485
551	G000702485_4_read88102	0.3776333233
552	G000702485_4_read7492909	0.19122517032443712
553	G000702485_6_read8798014	0.36125765239999996
554	G000179615_6_read805185	0.0018777734848883442
555	G000702485_1_read9526581	0.06178651231116615
556	G000469585_1_read4173423	1.0878634402
557	G000615945_1_read4138108	0.31327266197183096
558	G000218765_1_read6308329	0.008382224077761595
559	G000218765_1_read6017886	0.008382224077761595
560	G000615945_1_read3104189	0.10667566788056566
561	G000299355_5_read7726249	0.7221966271
562	G001420715_3_read6288342	0.0028868166623722837
563	G001544015_1_read2246543	0.8052463624
564	G001039275_8_read1571729	0.2333493216
565	G001420715_4_read7828147	0.18624700988013906
566	G001420715_3_read5102250	0.721529446
567	G001294525_1_read2382313	0.0013523528749145107
568	G001294525_1_read4617176	0.0619366768
569	G001039275_10_read278200	0.2333493216
570	G001039275_1_read2766446	0.002220311771428571
571	G001039275_5_read4423921	0.005972061053668973
572	G001039275_3_read8832544	0.05082716239783526
573	G001039275_2_read2346710	0.010080330370407028
574	G001039275_9_read9919290	0.002928623288935848
575	G001039275_6_read8290148	0.0017241020714285713
576	G001039275_4_read1380704	0.0005751872857142859
577	G001039275_2_read6549026	0.023722062663616626
578	G001039275_5_read8949453	0.002220311771428571
579	G001039275_9_read4259192	0.010079891801535283
580	G001039275_8_read5378137	0.010503574652280717
581	G001039275_10_read3287660	0.010080330370407028
582	G001039275_6_read6962923	0.001541663914285714
583	G001039275_7_read6735100	0.0026402902611856907
584	G001039275_8_read1948315	0.010080330370407028
585	G001039275_4_read8414035	0.010080330370407028
586	G001039275_9_read4864240	0.0026402902611856907
587	G001039275_2_read6412621	0.010080330370407028
588	G001039275_6_read1398366	0.010079832723886
589	G001039275_3_read1564176	0.0014770866669586303
590	G001039275_4_read2869136	0.0010675463409435205
591	G000620165_1_read7436636	0.08490740672041452
592	G001039275_5_read2541268	0.010080330370407028
593	G001039275_9_read8548369	0.0026402902611856907
594	G001039275_1_read1580482	0.0026402902611856907
595	G001039275_7_read3447585	0.0014922415082040993
596	G000218765_1_read812304	0.005996770578872702
597	G000299355_5_read6792968	0.7999174539
598	G000179615_4_read7155648	0.1645589423
599	G000179615_6_read9160260	0.06687170380083508
600	G001420855_10_read243245	0.36124721600000004
601	G000179615_10_read9320672	0.08736598895236238
602	G000179615_1_read6736424	0.0052298064507602954
603	G000179615_2_read2826521	0.013793447333105424
604	G000179615_4_read3771802	0.18948669450000002
605	G000179615_10_read8815878	0.05358001905761788
606	G000179615_5_read7854671	0.017044126678119394
607	G000179615_9_read5914823	0.06687170380083508
608	G000179615_4_read6967427	0.001946503704378761
609	G000179615_8_read6089850	0.0020980304587362073
610	G000179615_4_read9096226	0.1827555375
611	G000179615_6_read1996684	0.013793447333105424
612	G001420715_1_read4139808	0.2605587759
613	G000179615_3_read5178302	0.1304712503
614	G000179615_2_read4747994	0.2416684945
615	G000179615_9_read5094511	0.1723111579123358
616	G001420715_7_read1218899	0.004843460939635487
617	G001543345_3_read7171965	0.2605466642
618	G001543345_10_read5089831	0.001260910294817848
619	G001543345_10_read8094251	0.2605466642
620	G001543345_3_read8980800	0.008208160843738599
621	G001543345_10_read9707547	0.008208312585439345
622	G001543345_5_read8138533	0.0138894585
623	G001543345_2_read5721405	0.001260910294817848
624	G001543345_8_read4136181	0.0013262047059862776
625	G001543345_6_read8013680	0.001260910294817848
626	G001543345_6_read3250196	0.0138894585
627	G001543345_5_read7258595	0.005208376011315399
628	G001543345_4_read9518048	0.0002591727033935942
629	G000968055_1_read8706125	0.07331694848209469
630	G000968055_1_read3444154	0.04476913135819591
631	G000687735_1_read8190925	0.005108097010109821
632	G000687735_1_read3222271	0.2412745403
633	G000968055_2_read2661959	0.3827896698
634	G000968055_1_read9948496	0.04476913135819591
635	G000968055_1_read3625910	0.2824154337
636	G000968055_1_read4015127	0.2837885226
637	G000968055_1_read2824104	0.39303583870000003
638	G000968055_1_read8160137	0.02456490971414434
639	G900155395_1_read6482753	0.8342931056
640	G000500935_1_read3270407	0.009831363853412909
641	G000500935_1_read6108186	0.036541000689832404
642	G000752095_7_read5581130	0.004602012477610106
643	G000752095_2_read1223246	0.1904236225
644	G000752095_6_read3089654	0.20500861350000002
645	G000752095_9_read2479266	0.2080523201
646	G000752095_6_read2982676	0.024356942532200745
647	G000752095_8_read7021671	0.28633669279999996
648	G000752095_7_read3488602	0.1747076554
649	G000752095_7_read8729563	0.26899130520000003
650	G000752095_5_read5258187	0.09446948349141193
651	G000752095_9_read1355329	0.22502659400000002
652	G000752095_1_read8978336	0.09446948349141193
653	G000752095_7_read6296261	0.012470526734404994
654	G000752095_7_read3500435	0.2000866712
655	G000752095_2_read2993684	0.20500861350000002
656	G000752095_2_read6540891	0.2830338442
657	G000752095_3_read5168997	0.09156735315924684
658	G000752095_1_read3784094	0.005023016732553894
659	G000752095_1_read3443579	0.2080523201
660	G000752095_8_read6860677	0.03559381428634676
661	G000752095_4_read9580886	0.03559381428634676
662	G000752095_6_read4550987	0.20500861350000002
663	G000752095_8_read8172485	0.26899130520000003
664	G000752095_3_read7907720	0.004301614915063129
665	G000752095_2_read966349	0.06979342354132032
666	G000752095_6_read8405902	0.004228144918097031
667	G000210615_1_read8696932	0.5127953525000001
668	G000210615_1_read1123560	0.161530284
669	G000210615_1_read1823940	0.161530284
670	G900155395_1_read7535733	0.06608806749183532
671	G900155395_1_read823923	0.19987207398848064
672	G000210615_1_read1058446	0.012095218962760945
673	G900155395_1_read37217	0.4223502507
674	G900155395_1_read7879399	0.038043283284792846
675	G001543345_4_read2153157	0.2605466642
676	G001420855_6_read253858	0.29651444250000003
677	G000286395_1_read4647066	0.012861014156613245
678	G001420715_6_read2534303	0.01751398675263479
679	G001420715_6_read5617252	0.31887954939999996
680	G001420715_3_read7554816	0.004279112360104409
681	G001420715_5_read2731371	0.0028868166623722837
682	G001484965_1_read853355	0.2179186868106745
683	G001420715_6_read3768524	0.31949134189999995
684	G001420715_2_read731670	0.3209788448
685	G001420855_3_read3703993	0.12396262246430795
686	G000620165_1_read1580419	0.2616159065
687	G001420855_12_read2742479	0.007222890806005089
688	G001420715_7_read3463133	0.3209788448
689	G001420715_8_read2909085	0.27422910489999996
690	G000620165_1_read9774241	0.5201052416
691	G001420855_10_read9149996	0.354835216
692	G001420715_2_read6396735	0.3133781334
693	G000007785_3_read9168013	0.03533383453786511
694	G000007785_1_read4817992	0.03533383453786511
695	G000025725_2_read2840843	0.56242332
696	G001420715_7_read9313650	0.0028868166623722837
697	G001439965_1_read7524337	0.345983325
698	G001420715_3_read8035059	0.24349754140000002
699	G000648015_1_read964093	0.259883946
700	G001420715_2_read4793831	0.0023248310937436026
701	G001649715_2_read802826	0.0024270453096235543
702	G000007785_4_read1203351	0.26709312230000004
703	G001420715_3_read3547070	0.0038551623574249504
704	G001420715_3_read5672279	0.3209788448
705	G001649715_2_read9159915	0.0021282572564131053
706	G001439965_1_read3403745	0.2746213493
707	G001420715_7_read4634742	0.01751398675263479
708	G001439965_1_read9084912	0.5794757759
709	G001420855_10_read6167882	0.031217799600000002
710	G001420855_8_read6833270	0.031217799600000002
711	G001591605_1_read1542563	0.2771162071725165
712	G001420715_5_read3533409	0.2020443702
713	G001420715_7_read9792001	0.01751398675263479
714	G001420715_4_read5837983	0.2605587759
715	G000620165_1_read3775973	0.1794977032
716	G000286395_1_read3139896	0.42929297499999997
717	G000286395_1_read5610391	0.6284480826000001
718	G001439965_1_read4235660	0.2746213493
719	G001981925_1_read4314900	0.015783681042857146
720	G000007785_4_read3741402	0.03533383453786511
721	G001420855_5_read6358448	0.003082988498788582
722	G001420855_4_read2524672	0.0030829916335885386
723	G001420855_9_read5352807	0.031217799600000002
724	G001420855_13_read3923327	0.031217799600000002
725	G001420855_4_read4158500	0.031217799600000002
726	G001420855_6_read9443087	0.005623402746278121
727	G001420855_8_read6374073	0.031217799600000002
728	G001420855_1_read1456312	0.031217799600000002
729	G001420855_8_read8059298	0.007461384663828
730	G001420855_6_read3722271	0.0030829916335885386
731	G001420855_5_read9752067	0.031217799600000002
732	G001420855_4_read6460431	0.031217799600000002
733	G001420855_5_read7027519	0.031217799600000002
734	G001420855_4_read1495285	0.0072639756511805546
735	G001420855_7_read1634954	0.031217799600000002
736	G001420855_5_read2688494	0.0030829916335885386
737	G001420855_4_read880882	0.007433379967442625
738	G000620165_1_read3085973	0.024552245899999995
739	G001420715_3_read5347282	0.07003539821508879
740	G001439965_1_read9720196	0.183938168382261
741	G001420855_6_read7757377	0.37957762819999996
742	G001420855_8_read7332718	0.006178484848333757
743	G000286395_1_read4988833	0.08483329340000001
744	G000583695_1_read2052481	0.4330879968
745	G000007785_4_read7046784	0.3421238053000001
746	G000583695_1_read3685465	0.06717518461997868
747	G000583695_1_read1392682	0.4579616709
748	G000007785_4_read8016406	0.47939965300000004
749	G000007785_1_read6133715	0.1957392534
750	G000750535_2_read300189	0.6303399981
751	G000750535_4_read2864867	0.6600397466
752	G001649715_3_read9564822	0.0029793219839179385
753	G000007785_1_read7550710	0.1957392534
754	G001649715_1_read3975431	0.003107162620444152
755	G001649715_2_read9521025	0.0029793219839179385
756	G001649715_2_read6648561	0.0060939604999999996
757	G000301055_2_read9708364	0.20232077192647477
758	G000301055_1_read480459	0.3198668644
759	G000648015_1_read4985297	0.13793466
760	G001435475_1_read5150147	0.3314722135
761	G001435475_1_read1933450	0.3314722135
762	G000648015_1_read9146881	0.0071069414
763	G000007785_2_read6549644	0.12735952679999998
764	G000007785_4_read9555372	0.1391678174
765	G000750535_2_read8933852	0.052599101854547185
766	G000380085_1_read352865	0.33365701959999994
767	G000379985_1_read6269349	0.14371821599999998
768	G000518365_2_read7807787	0.34200851
769	G001981925_1_read8115560	0.008833486558843258
770	G000583695_1_read213794	0.009928479858160333
771	G001981925_1_read5627754	0.0014513492285714285
772	G000750535_5_read3525270	0.000702845673986194
773	G001486165_3_read6299381	0.22534802829169645
774	G000472345_1_read636858	0.002080506042857143
775	G000472345_1_read4009259	0.0026479410714285714
776	G000025725_1_read8705537	0.6477177564
777	G000750535_4_read11434	0.009687092075862753
778	G001435325_1_read2201685	0.11787383670000001
779	G001435325_1_read8138700	0.09516995030000001
780	G001435325_1_read7486991	0.08179679585
781	G000750535_1_read5740183	0.0025491537419400543
782	G000750535_2_read2743959	0.002588198147671187
783	G000750535_3_read3022243	0.04039682179701303
784	G000750535_3_read1383929	0.3214263314
785	G000750535_3_read4680124	0.1925246218
786	G000750535_6_read6665348	0.0011870282659785852
787	G000750535_3_read3269501	0.000703272712039833
788	G000750535_5_read5079154	0.1925246218
789	G000750535_4_read9491620	0.0007029152160186561
790	G000750535_2_read419818	-3.892423914326456e-05
791	G000762045_1_read6977283	0.0031852123
792	G000762045_1_read7654226	0.0031932712566573158
793	G000762045_1_read2109451	0.002573208618513833
794	G001435475_1_read9973900	0.01801007021935477
795	G001435475_1_read9784407	0.0056448909
796	G001435475_1_read6987674	0.0951661932
797	G000158315_1_read9265974	0.05127279315009463
798	G000158315_1_read1245312	0.11402343039221256
799	G000158315_1_read6417300	0.051825119557601856
800	G000158315_1_read8061035	0.003655818696351676
801	G000158315_1_read8526004	0.3769125039
802	G000158315_1_read4057003	0.016762375739635883
803	G000158315_1_read939088	0.2723801702
804	G000158315_1_read5559766	0.3769125039
805	G001749745_1_read5413587	0.7352544588000001
806	G001568365_1_read705860	0.013176890124088533
807	G001568365_1_read179716	0.024273637444957228
808	G001568365_1_read205068	-0.0017138195999999994
809	G000014865_1_read2004769	0.7610810562999999
810	G000014865_2_read3749557	0.7610810562999999
811	G000501155_1_read5181777	0.004985830731957001
812	G000501155_1_read797737	0.06401337904513345
813	G000501155_2_read4549598	0.1546346644
814	G000501155_2_read4121026	0.003870483657142858
815	G000501155_2_read4941831	0.0044954563218451895
816	G000445425_1_read4058300	0.02106713627142857
817	G000501155_2_read9621556	0.006299656728571429
818	G000501155_2_read7164520	0.06413683667123904
819	G000445425_1_read943640	0.03261641396331994
820	G000501155_2_read705272	0.0032954128239390855
821	G000501155_2_read2979512	0.006299656728571428
822	G000501155_1_read1662350	0.0038704836571428567
823	G000501155_1_read4309394	0.00357801058004796
824	G000143985_2_read9931293	0.5401755884
825	G001749745_3_read2554091	0.9049665182
826	G000143985_2_read4935294	0.6249279932
827	G000143985_2_read1367435	0.04800347563830129
828	G001749745_1_read9404812	0.5847082824000001
829	G000143985_2_read8665089	0.5401755884
830	G001749745_2_read3681741	0.5468305904
831	G001749745_3_read8568232	0.5051668545000001
832	G001749745_2_read3822448	0.5739533314
833	G001749745_3_read4920688	0.5556243427
834	G001749745_3_read171876	0.017722386995754704
835	G001777945_1_read7736784	0.9407739837
836	G002011685_1_read4048091	0.41825980469999996
837	G001825665_1_read5483323	0.40676740329999994
838	G001825665_1_read2029951	0.15570736999290735
839	G001642955_1_read455941	0.02662987478901316
840	G000172555_1_read7360151	0.43272624899999995
841	G001604585_1_read8800937	0.04750664746485018
842	G001604585_1_read24739	0.5298331079
843	G001604585_1_read7146445	0.44487113889999996
844	G001604585_1_read3559743	0.05840128952596399
845	G000172555_1_read6370092	0.2508771003263492
846	G000172555_1_read69924	0.2508188420447353
847	G900097105_3_read2334379	0.39905547189999996
848	G900097105_1_read9739726	0.04781691509669744
849	G900097105_2_read7017675	0.2167310917
850	G900097105_1_read3606173	0.022354152558108374
851	G900097105_1_read8428267	0.47400141509999993
852	G000172555_1_read6542113	0.28407062689999996
853	G000014865_3_read9410774	0.017601935103606234
854	G002011685_1_read3578841	0.441507163
855	G001899145_1_read3802717	0.696496092
856	G001899145_1_read5760021	0.696496092
857	G001803165_1_read559070	0.1186464673838583
858	G001803165_1_read1640417	0.005922475189219367
859	G001803165_1_read9692572	0.06269679227431824
860	G001535965_1_read77619	0.07361178999999998
861	G001535965_1_read436986	0.11280426679999997
862	G001899145_1_read4373601	0.696496092
863	G000304455_1_read438533	0.5955833275999999
864	G900116425_1_read7455869	0.2342638407
865	G000246945_1_read3275943	0.01343194355775528
866	G900112255_1_read4282659	0.37295295559999997
867	G000170795_3_read3846613	0.009820341616957762
868	G000170795_5_read2700085	0.08692778793726025
869	G000170795_3_read812163	0.02420687167761462
870	G900103665_1_read5172714	0.10547372358116884
871	G000736515_1_read3465077	0.022060759194244765
872	G900103665_1_read9185262	0.08534759419999999
873	G000170795_4_read4551895	0.09949501213665131
874	G000170795_5_read2280089	0.22877752180000002
875	G000170795_1_read7731141	0.30835574350000006
876	G000170795_1_read1857432	0.04860457392506676
877	G000170795_1_read9009870	0.08648313316009049
878	G000170795_1_read7129997	0.05044150901660725
879	G900103665_1_read4797778	0.01809496779948471
880	G000170795_5_read3928854	0.0884936187
881	G900103665_1_read5797809	0.013322715729997213
882	G000170795_1_read6322584	0.02201906052155915
883	G000246945_1_read9364657	0.01343194355775528
884	G900116425_1_read7711071	0.5993942642
885	G900112255_1_read1691945	0.4044133888
886	G001592935_1_read6078152	0.007416520277659115
887	G001592935_1_read3305369	0.00745933878997401
888	G001592935_1_read8467589	0.007458982386920326
889	G900107465_1_read6484728	0.0037887047
890	G900112255_1_read7372349	0.5014216467000001
891	G000482465_1_read9167502	0.0726499243
892	G000423585_1_read635733	0.9735096666999999
893	G900116425_1_read6630324	0.5090911457
894	G900116425_1_read8248502	0.6229694103
895	G001899145_1_read1686704	0.36190354929999996
896	G000348805_1_read7236561	0.133907184
897	G000736515_1_read4731818	0.45136542789999995
898	G000348805_1_read3120418	0.0660444992
899	G000737705_1_read1984098	0.1485265275
900	G000737705_1_read5525848	0.01606426136313698
901	G000934685_1_read946173	0.1945021507
902	G000934685_3_read9840724	0.2506986361
903	G000422725_1_read2638644	0.0724729723
904	G000422725_1_read481233	0.0724729723
905	G900106575_1_read3860574	0.0010084114038307565
906	G900106575_1_read7990022	0.00034792722070789336
907	G900106575_1_read5036351	0.0010084114038307565
908	G900106575_1_read6938793	0.00675251168781787
909	G900106575_1_read1227529	0.0509936168
910	G000246945_1_read5783566	0.05607893773874835
911	G000934685_3_read8738464	0.40689887589999996
912	G000422725_1_read6803473	0.0724729723
913	G000769915_1_read2457428	0.003528893691855207
914	G000422725_1_read353782	0.0419215944
915	G000769915_1_read3427676	0.0518016152301245
916	G000498475_1_read7569045	0.0032287663036385896
917	G000422725_1_read4491192	0.0030545073653679184
918	G900105105_3_read7859801	0.010171904862412795
919	G000220585_1_read6157639	0.008601342825776164
920	G000934685_3_read2970709	0.01223289333560611
921	G000220585_1_read2058723	0.008688113849099371
922	G900105105_1_read617783	0.002546847469060605
923	G900105105_1_read770761	0.0025423402318754448
924	G900105105_1_read4432472	0.0489049691
925	G000934685_3_read6628083	0.016609259518571638
926	G000934685_1_read6447488	0.2275996041
927	G000934685_2_read5250639	0.002789967548318711
928	G000934685_3_read9949684	0.2506986361
929	G000934685_1_read3891382	0.01618581954747347
930	G000934685_2_read6910364	0.08961735330000001
931	G000934685_1_read7433555	0.1407330061
932	G000423585_1_read4827864	0.053666938
933	G000423585_1_read7637821	0.1903156157
934	G001769115_1_read1462683	-4.48308e-05
935	G001769115_1_read7475229	0.5443575581
936	G000768875_1_read6497498	0.020300907431044117
937	G000768875_1_read9778107	0.2603891996
938	G000768875_1_read105845	0.1305809115
939	G000159995_2_read5751780	0.2884337324
940	G000220235_1_read7222371	0.3210223132
941	G000159995_2_read4502442	0.027174299089973143
942	G000159995_1_read1228946	0.245029151
943	G002011685_1_read222909	0.5085628288999999
944	G000996695_1_read6881046	0.9588643121000001
945	G000996695_1_read9604265	0.6871815775000001
946	G000989525_1_read3720947	0.6429106817000001
947	G000996695_1_read9306679	0.7009440151000002
948	G000989525_1_read4441430	0.7437621306000001
949	G000996695_1_read5855787	0.13467954572948101
950	G000996695_1_read6400863	0.13467954572948101
951	G000996695_1_read23643	0.6871815775000001
952	G000989525_1_read7892355	0.4255269451
953	G000469585_2_read7018974	0.004179819023013771
954	G000469585_2_read3612409	0.2563981213
955	G000469585_1_read4866959	0.26423700040000003
956	G000025725_2_read4678346	0.003926935576837442
957	G000025725_1_read5524755	0.7260814371
958	G000014865_1_read3592450	0.7511420999
959	G000025725_1_read7743325	0.003926935576837442
960	G000025725_2_read8659893	0.003926935576837442
961	G000025725_1_read3503228	0.3697943471
962	G000507845_2_read1977787	0.24659730559999998
963	G000196135_2_read9792475	0.005860265127019411
964	G000196135_1_read4121183	0.44119523169999997
965	G000091985_2_read6850783	0.014199315750649968
966	G000091985_1_read1903426	0.025212131103304145
967	G000196135_1_read4896699	0.01876199380074341
968	G000507845_2_read9714801	0.08130378489802566
969	G000091985_2_read8369451	0.4842893145
970	G000196135_2_read5638527	0.017738098184417444
971	G000196135_3_read4024002	0.4724269955
972	G000507865_2_read3716034	0.04359513603546667
973	G000507845_2_read5819436	0.011349077680739198
974	G000507865_1_read799980	0.2506156725
975	G000507845_2_read832209	0.5362993768
976	G000196135_1_read6323226	0.06956782576752589
977	G000196135_3_read7055169	0.4108021108
978	G000507865_1_read7821313	0.2593597937403593
979	G000507845_2_read2386026	0.7452074897
980	G000091985_2_read674430	0.5035609653
981	G000196135_2_read4175245	0.3967067961
982	G000507865_1_read6964859	0.6017098411
983	G000265295_1_read4219589	0.054843815700000006
984	G000597725_1_read3790252	0.2816538715
985	G000265295_1_read5590215	0.00680179268962276
986	G000597725_1_read366967	0.00878573110179816
987	G001190745_2_read2217393	0.025164317136280666
988	G001190745_2_read1470827	0.2726577655
989	G001190745_3_read5107027	0.3154544956
990	G001190745_3_read6916224	0.4095722851
991	G001497255_1_read9592893	0.1165384394
992	G001190745_3_read8942769	0.41325505869999996
993	G001497255_1_read3351714	0.05497537017019853
994	G001497255_1_read9504547	0.013692737187034927
995	G001497255_1_read4229446	0.05497537017019853
996	G001190745_1_read1992441	0.27210668429999996
997	G000585155_6_read6693468	0.021771876498932044
998	G000585155_7_read7307939	0.170211806
999	G000585155_1_read8951418	0.003172346279708579
1000	G000585155_1_read4981877	0.054534967554573585
1001	G000585155_6_read3475535	0.1221873836
1002	G000585155_4_read8250794	0.008507831462660792
1003	G000585155_2_read1793083	0.0019994294024753426
1004	G000585155_5_read915627	0.027590738537188225
1005	G000585155_5_read2921164	0.1074504905
1006	G000585155_1_read4184763	0.1612535801
1007	G000585155_6_read1805847	0.024874952419924903
1008	G000585155_2_read1869820	0.010070953442475649
1009	G000585155_7_read551673	0.019069357182687142
1010	G000265295_2_read3226297	0.35961509399999997
1011	G000014005_1_read8015126	0.005028372520059007
1012	G001263205_2_read596776	0.5668289601000001
1013	G001263205_3_read5251632	0.42982785770000004
1014	G001263205_2_read2421649	0.43859507090000005
1015	G001263205_2_read8401580	0.23052692860000001
1016	G001263205_1_read9172436	0.021612248543068775
1017	G001263205_2_read4156318	0.4226581846
1018	G001263205_2_read6851761	0.03822813203335239
1019	G001263205_4_read5392470	0.5037931962
1020	G001263205_3_read1976988	0.4874365476
1021	G000020725_3_read7511871	0.2067503592
1022	G000020725_4_read4503589	0.09685344110800008
1023	G001464715_1_read2593150	0.572053975
1024	G001592745_1_read6996422	0.002015335371661506
1025	G001592745_1_read512834	0.0200518105
1026	G001464715_1_read6594873	1.1867078246
1027	G001280545_1_read1666235	0.0061691049719439965
1028	G001280545_1_read5330545	0.005437219923570671
1029	G001280545_1_read3078729	0.00023665985218427227
1030	G001280545_1_read2721446	0.002924297793473586
1031	G001795505_1_read5108826	0.003513080475
1032	G000020725_3_read2169033	0.1435567633
1033	G000167355_1_read7686078	0.026148190316303735
1034	G900114975_1_read9589704	0.33915205470000004
1035	G000020725_2_read1420963	0.3322551677
1036	G000020725_4_read2308499	0.2067503592
1037	G000020725_3_read9463075	0.33487203470000004
1038	G000020725_4_read8467840	0.22591794669999998
1039	G000020725_2_read3477639	0.22591794669999998
1040	G000020725_3_read5438820	0.0077976904159640864
1041	G000020725_3_read1590860	0.22591794669999998
1042	G900114975_1_read8645372	0.08358385247201428
1043	G000429925_1_read2480634	0.028393244644628005
1044	G000024325_1_read1583565	0.016412623369028663
1045	G000024325_1_read6460754	0.059422271197948136
1046	G000024325_2_read5342091	0.07360899103719402
1047	G000024325_1_read5888086	0.2692618261
1048	G000429305_1_read1345936	0.5722737624
1049	G000469585_1_read8182024	1.1062051314
1050	G000469585_1_read6610369	1.1062051314
1051	G000469585_2_read8125428	1.1062051314
1052	G000429305_1_read4240698	0.3803490667
1053	G000429305_1_read4278661	0.5241753614
1054	G900114975_1_read6620771	0.6137458209
1055	G000931935_1_read1588375	0.2947640117
1056	G000429925_1_read1501921	0.3582093594
1057	G000518365_1_read4458264	0.04575614457207124
1058	G000264455_3_read174894	0.5567357077
1059	G000264455_2_read4130920	0.504743975
1060	G000264455_4_read8208254	0.5744701674999999
1061	G000371925_1_read6007418	0.3903134910858658
1062	G000375545_1_read9143424	0.32946358728701186
1063	G000965125_1_read2212000	8.087530291893224e-07
1064	G000264455_1_read7329629	0.43857461929999997
1065	G000518365_3_read4725465	0.43367144840000005
1066	G000518365_2_read7314183	0.473063872
1067	G000686005_1_read252631	0.3794223121
1068	G000365025_1_read5696277	0.6583084173
1069	G000014865_2_read928956	0.8869900674
1070	G900156605_1_read5121866	0.3146632313
1071	G000264455_1_read3176862	0.26001050425634437
1072	G000518365_3_read3032756	0.26753795280000003
1073	G900156605_1_read3078507	0.1905134262039212
1074	G001941945_1_read7663115	0.2467030851
1075	G001941945_5_read9498629	0.2250307077
1076	G001941945_4_read1157926	0.03662575051975857
1077	G000828895_1_read3178122	0.3373790692
1078	G001941945_2_read6209111	0.19316902940000003
1079	G001941945_3_read7490369	0.2513547726
1080	G001941945_5_read8367442	0.2935507745
1081	G000264455_4_read6529786	0.03559510017636521
1082	G001941945_3_read6412352	0.00667173832723706
1083	G001941945_4_read8776012	0.006376797787196607
1084	G001941945_2_read3036919	0.03662575051975857
1085	G000299935_1_read6329517	0.25542550620000004
1086	G900156605_1_read5756948	0.1255725991543842
1087	G000264455_3_read8060873	0.2385165204707496
1088	G000518365_2_read1004145	0.00956221322957006
1089	G900156605_1_read3020129	0.37243445502873024
1090	G900156605_1_read9561545	0.0067404978106288555
1091	G900115225_1_read7257926	0.6438377051999999
1092	G900156605_1_read6591888	0.006629767229978079
1093	G000299935_1_read3814307	0.3117537651
1094	G000686005_1_read8385511	0.011373624151099555
1095	G000744995_1_read5650275	0.7187139489000001
1096	G001458335_1_read4056776	0.31597189490000005
1097	G000014865_2_read6230757	0.8869900674
1098	G000153185_4_read4198922	0.04803682910272689
1099	G000264455_1_read3084309	0.42789100830000004
1100	G000264455_2_read2136339	0.43176827370000004
1101	G000299935_1_read6797275	0.11190889900835788
1102	G000171835_1_read9027076	0.19373289710000002
1103	G001676615_1_read5112935	0.27058183410000003
1104	G000014245_1_read2458934	0.039806482749742814
1105	G000014245_1_read9589625	0.04278552286362403
1106	G900113695_1_read4085347	0.585000065
1107	G000980895_1_read9505193	0.022635455527656136
1108	G000375545_1_read1909217	0.5112488997
1109	G000980895_1_read7656371	0.2445686494
1110	G000686005_1_read843808	0.0033701029603602577
1111	G000007105_3_read9547242	0.005230478300000001
1112	G001295795_1_read367832	0.47650585619999997
1113	G000007105_3_read2811638	0.0541219968
1114	G000007105_2_read8663493	0.0005289935594210111
1115	G000007105_3_read5895984	0.005230478300000001
1116	G001421995_1_read1966057	0.0809990561
1117	G001295795_1_read6262505	0.30064577139999993
1118	G001295795_1_read2896814	0.2683037589
1119	G000686005_1_read4884987	0.24805351309037996
1120	G001295795_1_read3648101	0.004691486371314931
1121	G000375545_1_read5399616	0.32946358728701186
1122	G900113695_1_read3788400	0.3582190461
1123	G001708935_1_read6038418	0.6614907737
1124	G000442315_1_read7613312	0.3022081407
1125	G000375545_1_read1943214	0.45170801839999997
1126	G000473145_3_read8415138	0.0031259844975924165
1127	G001439135_1_read701580	0.45642240209999996
1128	G900115865_1_read1108515	0.06168267939802612
1129	G001439135_1_read3247514	0.45642240209999996
1130	G000763805_1_read7116163	0.1552930994
1131	G000442315_1_read5295247	0.3621649752
1132	G001439135_1_read4837847	0.4038896979
1133	G000442315_1_read6476904	0.3107676348
1134	G001439135_1_read5988394	0.005046726990420012
1135	G000763805_1_read8236177	0.19119625749999997
1136	G000312665_1_read3237332	0.003575204574638995
1137	G000473145_4_read6754372	0.38901195720000004
1138	G000169395_2_read8578208	0.30904634000000003
1139	G001049735_1_read2374689	0.2043810223
1140	G000169395_1_read2007176	0.02408452655509565
1141	G000473145_4_read4773550	0.2841526859
1142	G001458335_1_read5236029	0.0034760673808813683
1143	G000169395_1_read6389696	0.30903307030000005
1144	G000169395_1_read7583235	0.004510844956050605
1145	G000473145_1_read4553865	0.005074576934612001
1146	G000169395_2_read6870532	0.010062467498807726
1147	G001049735_1_read93521	0.00512699758126466
1148	G000169395_2_read497576	0.19383523815000003
1149	G000442315_1_read156131	0.46132577830000004
1150	G000877395_1_read8452985	0.36707631830000004
1151	G001049735_1_read4540395	0.07295079456915289
1152	G000473145_4_read843015	0.007066239845211761
1153	G000473145_1_read3053583	0.06199375719687293
1154	G900115865_1_read3679195	0.04976005789542145
1155	G001458335_1_read3385349	0.0025789106980950755
1156	G000877395_1_read5907985	0.3548455903
1157	G000473145_3_read6485731	0.007066239845211761
1158	G000473145_1_read2321727	0.04253792142914552
1159	G000473145_1_read3977333	0.02306810916068184
1160	G000014245_1_read3746807	0.16462506910000002
1161	G000473145_1_read9798828	0.0032035843834994685
1162	G000473145_2_read8944705	0.1211759727
1163	G000473145_1_read8920262	0.10724527869999999
1164	G000763805_1_read6563668	0.3776105949
1165	G001708935_1_read4112993	0.24901903749999998
1166	G001676615_1_read6609414	0.28637984710000003
1167	G000365025_1_read4873061	0.015205633121950378
1168	G000496595_3_read6845805	0.6042584702
1169	G000014245_2_read1902815	0.16462506910000002
1170	G001676615_1_read6186129	0.3887429225
1171	G001676615_1_read8131792	0.3887429225
1172	G900115225_1_read4829782	0.36485098920000003
1173	G000314675_1_read9141419	0.04126729134303365
1174	G000314675_1_read837826	0.041230040939087956
1175	G000314675_1_read8832705	0.029834604830698885
1176	G000496595_3_read5680764	0.03863316549565298
1177	G000686005_1_read8526999	0.41543580809999997
1178	G001426965_1_read4451823	0.045021651173177274
1179	G000970465_1_read2489404	0.0035516690817829284
1180	G000970465_1_read7478553	0.028791055856406064
1181	G001404055_1_read2577449	0.003554233802109765
1182	G000686005_1_read461485	0.043843119671428565
1183	G000526635_1_read2259508	0.149849128
1184	G000496595_3_read3514032	0.6042584702
1185	G000496595_1_read5812964	0.03610818694975071
1186	G000756225_3_read2173264	0.0010198361857142854
1187	G000756225_2_read4681334	0.0010198361857142858
1188	G000496595_3_read5898635	0.2230224925
1189	G000496595_3_read7486285	0.005854314236423364
1190	G000756225_1_read4218615	0.0010198361857142856
1191	G000496595_2_read6084223	0.2230224925
1192	G000756225_1_read3724104	0.0010322266573702607
1193	G000756225_2_read1215602	0.0926938084
1194	G000756225_1_read5589700	0.0157500302
1195	G000496595_2_read5002408	0.2230224925
1196	G000496595_3_read6653984	0.3681967782
1197	G001005825_1_read7408757	0.10702161820000002
1198	G000014245_2_read8132584	0.1858073138
1199	G000526635_1_read2531627	0.2221857281
1200	G000312665_1_read7810257	0.0052322875181663835
1201	G001005825_1_read6547921	0.004582188387333869
1202	G001005825_1_read5335725	0.004582188387333869
1203	G000312665_1_read5606311	0.0052322875181663835
1204	G000379225_1_read3182113	0.33383708889999997
1205	G001619695_1_read9545050	0.4438968135
1206	G000297775_4_read4015054	0.7476986433999999
1207	G000297775_1_read3851920	0.7476732841
1208	G000428465_1_read9041468	0.31313095570000005
1209	G000428465_1_read5105233	0.2869761853
1210	G001619695_1_read629511	0.021696862585056823
1211	G001619695_1_read4922833	0.01757929140834008
1212	G001619695_1_read909795	0.1657528493
1213	G001592185_1_read4208502	0.221801236
1214	G000297775_1_read3303281	0.5661466836
1215	G000297775_3_read7206462	0.0991548113
1216	G000297775_6_read3144699	0.24125062229999997
1217	G000711955_1_read6261268	0.7957093618
1218	G001044335_1_read6126923	0.2937443985
1219	G000023705_1_read3702089	0.1214754732
1220	G000023705_2_read7659934	0.1488228271
1221	G000023705_2_read2460695	0.0760874932
1222	G001044335_1_read1985932	0.046578028733396976
1223	G000023705_2_read5465226	0.002701615513589075
1224	G000023705_2_read4214158	0.1289284832
1225	G000023705_2_read4289442	0.0025925589481509167
1226	G000297775_2_read5894649	0.009987725910847019
1227	G000429665_1_read8498033	0.011107714699116722
1228	G000429665_1_read3915057	0.4835606119
1229	G000828895_1_read6910677	0.005581979762392967
1230	G001713375_1_read5872626	0.2488721611
1231	G000297775_3_read375411	0.016978178485994224
1232	G000297775_3_read5011846	0.016978178485994224
1233	G000297775_4_read7993606	0.016978178485994224
1234	G000297775_1_read3532719	0.01953348152123679
1235	G000297775_2_read126348	0.0037961820539146487
1236	G000297775_1_read2617748	0.01953348152123679
1237	G000297775_3_read3170262	0.184933664
1238	G000297775_2_read7062389	0.01953348152123679
1239	G001713375_2_read1027405	0.2488721611
1240	G000828895_2_read6269094	0.058633156699999994
1241	G001580025_1_read8523149	0.19093150609999998
1242	G000828895_1_read8162141	0.0050014930739319275
1243	G001424785_1_read373588	0.047103116128940185
1244	G001713375_2_read8932706	0.014687977708420584
1245	G001424785_1_read8635120	0.012210798115745148
1246	G001713375_2_read5753228	0.02039012197961863
1247	G000828895_1_read2821275	0.2840288593
1248	G000828895_2_read7754691	0.09957390819999999
1249	G000828895_2_read4561555	0.22830013329999999
1250	G001713375_1_read1789079	0.19485795029999997
1251	G000828895_1_read4999579	0.140847889
1252	G000423605_1_read6438474	0.3090566346125595
1253	G000967895_4_read6752121	0.5109895414
1254	G001750165_10_read891744	0.02519244951478012
1255	G000967895_4_read3942150	0.16743183955200452
1256	G000967895_5_read5373340	0.16743183955200452
1257	G000733765_1_read2641022	0.44669235220000003
1258	G000733765_1_read5910217	0.023322420411941658
1259	G000711955_1_read4745658	0.2390908644
1260	G000371925_2_read7851827	0.5063784551999999
1261	G001442515_2_read5792966	0.019485565226915268
1262	G001580025_1_read962892	0.2166864613912486
1263	G001442515_1_read9089912	0.018436472689462597
1264	G000422305_1_read5607047	0.031373132772670766
1265	G000091565_3_read9378511	0.6137625083
1266	G001442515_2_read2436910	0.09976388249999998
1267	G001442515_2_read2548069	0.0998568732
1268	G001442515_2_read2534321	0.04472349845376069
1269	G001442515_1_read422647	0.0158133452621008
1270	G000153185_1_read5936743	0.4664982233
1271	G900110585_1_read2248831	0.3771811396
1272	G000423605_1_read2267003	0.410531215
1273	G000967895_3_read1019539	0.5109895414
1274	G001708985_1_read2236475	0.003526626796242355
1275	G000169375_1_read4695480	0.30228624420000005
1276	G000368825_5_read3488389	0.019475569484889918
1277	G000260965_3_read5238349	0.0017063308221311048
1278	G000260965_1_read7387763	0.1235375135
1279	G000260965_2_read3655546	0.008819582250518258
1280	G000260965_1_read3271167	0.004891901005218879
1281	G000260965_1_read1679652	0.135847759
1282	G000260965_2_read8214132	0.02769564365433895
1283	G000260965_1_read1283480	0.1566919306
1284	G000260965_2_read7667555	0.6008822060999999
1285	G000260965_3_read1694676	0.1235375135
1286	G001580025_1_read8923930	0.3288127794
1287	G001708985_1_read637662	0.0016112004153155449
1288	G000371925_2_read3279288	0.5758066963999999
1289	G000153185_2_read9069171	0.03958154381494232
1290	G000772535_1_read9091561	0.35745829079999997
1291	G001708985_1_read5843109	0.010444342062274249
1292	G000423605_1_read6197526	0.530156362
1293	G001708965_1_read8495394	7.343346740811963e-05
1294	G001708985_1_read2013195	0.0016111838533337602
1295	G001708965_1_read9456939	0.42111466630000005
1296	G000967895_3_read291938	0.6360355338
1297	G000185985_1_read6471902	1.2617636207000003
1298	G000967895_3_read6432651	0.7442772156999999
1299	G001574675_1_read4340344	0.1151917429
1300	G000505725_3_read6264759	0.015224450284747641
1301	G001696955_1_read2378816	8.373304285714284e-05
1302	G001574865_1_read5973698	1.5567090328147362e-05
1303	G000505725_2_read4524251	0.008167516211236323
1304	G000505725_1_read4392079	0.01738094385714286
1305	G000505725_1_read2069130	0.00018684752804697894
1306	G001574675_3_read971149	1.0408428571428572e-06
1307	G000313385_2_read1829522	0.00036769677142857145
1308	G000505725_3_read6618716	0.005069751321656564
1309	G001574675_4_read901202	0.0005851444797280198
1310	G001574675_1_read9095243	2.40343216364909e-05
1311	G000505725_2_read5158143	0.0003480554572669356
1312	G001574675_4_read1035128	0.0005856672285714285
1313	G001574675_1_read8579720	2.40706082664937e-05
1314	G001696955_1_read7143658	8.373304285714286e-05
1315	G001574675_4_read8761280	2.4008515290853503e-05
1316	G001574675_4_read2475598	8.388634285714287e-05
1317	G000505725_1_read4433523	0.0002609122026332153
1318	G001574675_1_read9704897	0.00023660539999999992
1319	G000313385_3_read722582	0.004907174314116952
1320	G000313385_2_read787810	0.010877500300446794
1321	G000313385_1_read6534400	0.1373928781
1322	G000313385_1_read3760614	0.0004335722142857142
1323	G001574675_5_read8422908	2.40706082664937e-05
1324	G000505725_2_read4572836	0.1351076578
1325	G001574865_5_read7605879	8.026014285714287e-06
1326	G001574865_3_read5653446	0.1347818374
1327	G001574675_1_read2277444	8.993714285714288e-06
1328	G001574675_5_read6010760	2.012386309967545e-06
1329	G001574675_4_read9847832	0.0005856672285714286
1330	G000313385_2_read6037138	0.000621621480598801
1331	G001696955_1_read1900185	1.5398642857142858e-05
1332	G001574675_4_read4333624	1.0408428571428572e-06
1333	G001574865_3_read4028693	0.1347818374
1334	G000313385_2_read5525446	0.0004405676999999999
1335	G000505725_1_read6944024	0.0002609412556056794
1336	G001574675_1_read3036709	0.0002360731017729498
1337	G000313385_2_read984604	0.0003542793
1338	G001574865_1_read9681274	0.004541903786871093
1339	G001574675_2_read6672245	0.0003927256428571428
1340	G001574675_2_read7548293	8.388634285714284e-05
1341	G001574865_1_read6179300	0.0002498286013980889
1342	G001574865_5_read8704019	3.7416048484942476e-05
1343	G000313385_1_read28109	0.0007586298142857142
1344	G001574865_5_read4270810	0.00024945482862140134
1345	G001677115_1_read9562108	0.0007777699428571428
1346	G002002625_1_read2985527	0.1595018351925491
1347	G002002625_1_read1307086	0.10866371319999998
1348	G002002625_1_read2189172	0.0013049871857142856
1349	G001677115_2_read6617715	0.00030144312510921735
1350	G001677115_2_read790137	0.00030144314929545787
1351	G001677115_2_read9488580	0.007167140823964086
1352	G002002625_1_read2483749	0.001337485057142857
1353	G002002625_1_read757920	0.0025842791142857147
1354	G001677115_1_read1374485	0.0007785810571428572
1355	G001677115_2_read2374312	0.0007777699428571428
1356	G000368825_2_read5156126	0.0206271917
1357	G000368825_4_read5664425	0.02597019165759532
1358	G000368825_5_read9202484	0.054244250425864685
1359	G000368825_2_read6785296	0.143296728049192
1360	G000368825_3_read4189316	0.1803976933
1361	G000368825_1_read5502863	0.09898607649999999
1362	G000368825_5_read8601129	0.09898607649999999
1363	G001188545_3_read4146927	0.0185700943
1364	G000368825_5_read113868	0.1064413343
1365	G000369145_1_read6868809	0.015129567061185532
1366	G000369145_1_read907282	0.030019986314285714
1367	G000368825_5_read6458847	0.027322236336781606
1368	G000368825_5_read3373443	0.02117224660140156
1369	G000368825_5_read2634823	0.0206271917
1370	G000368825_5_read5789544	0.143296728049192
1371	G000967895_1_read2344909	0.02112423004964747
1372	G001188545_2_read799443	0.0005935937306692036
1373	G000821105_2_read9762254	0.0028380884229858975
1374	G001188545_1_read6726614	0.004708596052750962
1375	G001188545_2_read3841499	0.0185700943
1376	G000091565_2_read3592315	0.08312319886506926
1377	G001188545_2_read9564507	0.006176379646507932
1378	G001656215_1_read6391787	0.001688583076684876
1379	G001656215_1_read5904393	0.0789753046
1380	G001656195_1_read9499802	0.001232089112803645
1381	G000153185_4_read9747618	0.5877073037
1382	G000153185_3_read6817962	0.5877668148
1383	G000967895_2_read7094444	0.5225087744
1384	G900111835_1_read5936609	0.04078142746652471
1385	G000967895_5_read3130926	0.02112423004964747
1386	G000153185_2_read2148183	0.020161322228290677
1387	G900111835_1_read3318051	0.04078142746652471
1388	G000478685_3_read4299444	0.007313120271260604
1389	G000379165_1_read6240849	0.0010803689019888306
1390	G000379165_1_read6507091	0.0010806180369630656
1391	G900111835_1_read543329	0.04078142746652471
1392	G900111835_1_read3943393	0.04078142746652471
1393	G000423605_1_read7205748	0.036681313386047215
1394	G900111835_1_read4688929	0.0853629605
1395	G000016565_2_read2980175	0.20717124480000004
1396	G000016565_2_read5093974	0.20717124480000004
1397	G000016565_4_read1886049	0.0961172943
1398	G000016565_2_read7485508	0.23944399090000001
1399	G000016565_4_read1017857	0.049352285318132516
1400	G000016565_4_read9721017	0.00427411194548123
1401	G000016565_3_read6733386	0.1440130198
1402	G000016565_3_read4123147	0.1458597352
1403	G000016565_2_read3943243	0.20717124480000004
1404	G000016565_2_read2070756	0.00306536305023989
1405	G000016565_3_read9536815	0.20717124480000004
1406	G000016565_1_read3497426	0.005520284784269862
1407	G000016565_4_read9986965	0.2704224128
1408	G000423605_1_read5172075	0.8453760447
1409	G001886435_4_read2997124	0.06364818613915052
1410	G000478685_2_read9025059	0.3964637945000001
1411	G000821105_1_read8410983	0.018495272659395323
1412	G000821105_2_read86069	0.1689926404
1413	G000821105_3_read6348392	0.06806982072866297
1414	G000821105_3_read5479955	0.0769864777
1415	G000821105_2_read8788732	0.1641046162
1416	G000821105_4_read943465	0.00393018937271564
1417	G000821105_4_read5667034	0.009945229949173582
1418	G000967895_1_read9566992	0.7339293568
1419	G000967895_4_read3137054	0.5225087744
1420	G000821105_3_read7828323	0.036399952063493154
1421	G000821105_4_read549576	0.06806982072866297
1422	G000821105_3_read1501804	0.1487060939
1423	G000153185_3_read3059392	0.5340769031
1424	G000153185_3_read5286382	0.5340769031
1425	G000478685_1_read3154852	0.3964637945000001
1426	G000967895_4_read3793679	0.528065216
1427	G000967895_5_read4466100	0.21760243359504888
1428	G001558935_4_read8552370	0.3991367217
1429	G000753715_1_read2413052	0.456041321
1430	G000753715_1_read6669582	0.0213933536406753
1431	G000772535_1_read7976782	0.023836403636117928
1432	G000753715_1_read8894165	0.0066129492168139565
1433	G000772535_1_read2392052	0.023836403636117928
1434	G001886435_4_read1048268	0.010934333869933456
1435	G001886435_1_read5237582	0.004107630818501051
1436	G001886435_5_read51408	0.20989947270000003
1437	G001886435_2_read6440445	0.11536586639999999
1438	G001886435_3_read1048855	0.005447524609890141
1439	G001886435_1_read5512445	0.001296546622038248
1440	G001886435_3_read4739621	0.001414514110986182
1441	G001886435_4_read8447077	0.017513843372036576
1442	G001886435_1_read6377470	0.2496736871
1443	G001886435_3_read4887582	0.010934333869933456
1444	G001750165_8_read1164379	0.03036292715113245
1445	G001886435_3_read5224086	0.0029639902171880988
1446	G001750165_1_read2034704	0.03036292715113245
1447	G001886435_2_read3558993	0.11536586639999999
1448	G001886435_5_read4795299	0.001414514110986182
1449	G001886435_1_read5574149	0.00021088662573762225
1450	G001886435_4_read2068305	0.006577963408967537
1451	G000772535_1_read876468	0.004070540235351712
1452	G001750165_11_read7971026	0.1111160155
1453	G000967895_5_read1209250	0.013351442776266424
1454	G000987765_1_read3735826	0.03497004839874365
1455	G001750165_12_read7773041	0.2715227613
1456	G001596795_1_read2102263	0.018124638115979197
1457	G001750165_4_read626790	0.4858582986
1458	G001750165_1_read4499083	0.2333046654
1459	G001750165_11_read4140075	0.0029008992680934673
1460	G001750165_10_read8099125	0.004704644774920514
1461	G000238395_1_read8895755	0.2992259411
1462	G000336495_1_read2601424	0.00419694023630865
1463	G001750165_4_read781509	0.028948754385714287
1464	G001750165_11_read1975143	0.4858582986
1465	G001750165_6_read2546327	0.139605914
1466	G001750165_2_read5712780	0.2715227613
1467	G001750165_6_read6898134	0.022824202881927096
1468	G001750165_10_read6591086	0.030977813444133716
1469	G001596795_1_read7976642	0.004561676140357868
1470	G000336495_1_read1440702	0.004196718739026576
1471	G001750165_6_read5918657	0.005437363073454835
1472	G001750165_9_read5347768	0.007367499378892748
1473	G000336495_1_read6422449	0.005762502829551624
1474	G001596795_1_read2327189	0.03830919402240474
1475	G001750165_2_read7315308	0.030977905210300263
1476	G001750165_4_read4528779	0.030977971032801324
1477	G001750165_12_read6003591	0.2715227613
1478	G001750165_8_read7666499	0.4858582986
1479	G000238395_1_read7533830	0.1689381779041776
1480	G001750165_10_read4878319	0.030362928829734473
1481	G000967895_4_read8312477	0.013351442776266424
1482	G001750165_3_read1952524	0.03636167588589093
1483	G000336495_1_read3463120	0.00419694023630865
1484	G001750165_3_read6414700	0.4858582986
1485	G001750165_1_read1095769	0.08431124597532522
1486	G001750165_4_read9883345	0.013942092838370236
1487	G001750165_1_read7978272	0.4858582986
1488	G001750165_2_read110537	0.139605914
1489	G001750165_4_read1721325	0.019768258259941898
1490	G001750165_12_read6026328	0.0926623192
1491	G001750165_9_read8089613	0.028166223992340433
1492	G001750165_12_read6552244	0.038279153817691154
1493	G001750165_8_read5050530	0.1111160155
1494	G000238395_1_read947755	0.03743682856199514
1495	G001750165_1_read8113744	0.007367499378892748
1496	G000478685_4_read7711753	0.3711555482
1497	G900116345_1_read9738531	0.3065800246
1498	G000091565_3_read760914	0.282605444
1499	G000153185_3_read4423123	0.7903103461000001
1500	G000478685_2_read9439998	0.6739842478000001
1501	G001558935_4_read6604090	0.3991367217
1502	G000091565_3_read8280336	0.282605444
1503	G001558935_2_read4345850	0.3474842796
1504	G001558935_6_read8883785	0.3474842796
1505	G000185985_1_read7533924	0.7262893658000001
1506	G001558935_2_read7361171	0.3474842796
1507	G000478685_4_read2015682	0.5272938208000001
1508	G000287055_1_read9051067	0.2058739342
1509	G000478685_2_read7842203	0.24050591030000001
1510	G000478685_4_read1923996	0.3711555482
1511	G000478685_3_read8868730	0.00966585523060516
1512	G000478685_1_read9318745	0.2367275445
1513	G000478685_3_read4749587	0.3711555482
1514	G000772535_1_read7442586	0.013930266707786436
1515	G000754275_3_read8972685	0.1091811884
1516	G000754275_4_read9941084	0.022396825450323704
1517	G000021885_5_read4086258	0.03179113937825784
1518	G000754275_1_read2684760	0.022396825450323704
1519	G000021885_5_read4125125	0.0013123149648533194
1520	G000754275_1_read3233114	0.005554808311305754
1521	G000091565_3_read8746144	0.009396238244683386
1522	G000754275_2_read9174262	0.020370602127651103
1523	G000754275_6_read8263721	0.23306500619999998
1524	G000754275_4_read3772285	0.023286392563272185
1525	G000754275_4_read7397123	0.022396825450323704
1526	G000021885_2_read7147679	0.2276233046
1527	G000021885_4_read2887122	0.1522327463
1528	G000754275_5_read9133586	0.23306500619999998
1529	G000754275_5_read5024350	0.18336268360000002
1530	G000021885_2_read8878138	0.17300882909999998
1531	G000754275_5_read3342500	0.027371544242004144
1532	G000021885_1_read5296809	0.22838129769999999
1533	G000021885_2_read630863	0.004883372940534246
1534	G000021885_3_read53487	0.0012124119344119342
1535	G000021885_5_read1357024	0.012987129903700977
1536	G000754275_5_read2235356	0.005150866613793867
1537	G001558935_2_read6999495	0.10029616705103168
1538	G000754275_4_read9570138	0.2155617075
1539	G000754275_5_read8019465	0.08261461379800919
1540	G000754275_5_read1081898	0.18336268360000002
1541	G000754275_6_read2294507	0.08456236684809247
1542	G000754275_3_read5995408	0.18336268360000002
1543	G000021885_3_read1957883	0.0046254287
1544	G000021885_4_read8288574	0.2405995197
1545	G000725165_1_read7355913	0.003301375161562179
1546	G000725165_2_read5194753	0.015676642113211302
1547	G000725165_1_read869053	0.043489500302385874
1548	G001558935_2_read7134239	0.1786507793
1549	G000725165_1_read6882150	0.2232082201
1550	G001558935_3_read8686176	0.1786507793
1551	G000725165_2_read9027824	0.020151997967676718
1552	G000725165_1_read6619825	0.21907684689999998
1553	G000725165_2_read429036	0.04018809317565766
1554	G000725165_2_read7119030	0.2365534171
1555	G000725165_1_read4280734	0.008213713040126172
1556	G000091565_3_read4232481	0.0112474571826011
1557	G000091565_5_read6080578	0.062341550999999995
1558	G000185985_1_read6840338	0.6850869469000002
1559	G001558935_2_read3923329	0.2673464696
1560	G000091565_6_read7130137	0.0051113743400271715
1561	G000091565_6_read1514843	0.0051113743400271715
1562	G000091565_2_read3219075	0.006286633385042733
1563	G000091565_3_read591732	0.006241430254776855
1564	G000091565_6_read6078058	0.005095360105427638
1565	G000091565_7_read254015	0.013260804527169082
1566	G000185985_1_read7253417	0.20016364679999998
1567	G000091565_7_read12963	0.062441555429394245
1568	G000091565_2_read9359153	0.006286633385042733
1569	G000091565_7_read8021121	0.01314492480876986
1570	G000091565_4_read5335600	0.006286633385042733
1571	G001558935_1_read4596057	0.023478359736400063
1572	G001558935_1_read105168	0.166532082
1573	G000091565_1_read6195672	0.013147411337091932
1574	G000091565_1_read9048657	0.0675466912
1575	G000091565_1_read2031690	0.013260804527169082
1576	G000091565_5_read819538	0.006286633385042733
1577	G000091565_7_read9746657	0.006286633385042733
1578	G000091565_2_read3948690	0.009821803153185238
1579	G000091565_4_read1406183	0.009543517654270233
1580	G000091565_5_read6515634	0.017207935522040547
1581	G000091565_2_read5308734	0.010296119937241747
1582	G001558935_4_read5132661	0.18554339190000002
1583	G001558935_3_read4208410	0.1147250387
1584	G001558935_4_read4628075	0.016489910290028942
1585	G001558935_7_read7060662	0.006271620940354763
1586	G001558935_1_read6948080	0.012620287333215999
1587	G001558935_5_read4507343	0.0720843032
1588	G001871475_1_read7266630	0.9753643584
1589	G001871475_1_read5232119	0.9418859281
1590	G001871475_1_read9839018	0.9296985346
1591	G001871475_1_read2815785	0.9296985346
1592	G001871475_1_read2178542	1.4963430346
1593	G000007185_1_read6607181	0.7298406184000001
1594	G001399795_1_read530618	0.7804045658000001
1595	G000200715_1_read3800433	0.45193191380000003
1596	G000200715_1_read4213666	0.46407301580000004
1597	G000200715_1_read8951225	0.025894441915350043
1598	G000328945_1_read3934361	0.11363593502465899
1599	G000299365_1_read6950198	0.046826546932413705
1600	G000299365_1_read473430	0.02901714062488259
1601	G001438895_1_read3692260	0.06298320763196114
1602	G000299365_1_read8964603	0.012003744070911803
1603	G001438895_1_read6815131	0.0092096767
1604	G000328945_1_read9288875	0.020517738474366016
1605	G001438895_1_read9271139	0.0092096767
1606	G000328945_1_read5894551	0.017593280368444864
1607	G000299365_1_read4731561	0.021838436521891057
1608	G000299365_1_read9676962	0.034997990836571985
1609	G000299365_1_read7888267	0.20312577259999998
1610	G000328945_1_read7743035	0.007660702039633437
1611	G001438895_1_read8269160	0.1504701708
1612	G000200715_1_read4426126	0.45193191380000003
1613	G000299365_1_read804856	0.011513906481697176
1614	G000024305_1_read5234904	0.02041409305860779
1615	G001315825_1_read5896007	0.028500762322693964
1616	G001315825_1_read958185	0.028508531171428573
1617	G000024305_1_read8576666	0.0024019626999999995
1618	G000024305_1_read4041388	0.0073533393857142864
1619	G000024305_1_read1994286	0.013659595428571427
1620	G000024305_1_read7965544	0.010890430055810129
1621	G000762265_1_read86644	0.26991310409999997
1622	G000762265_2_read337993	0.018255751192672004
1623	G000762265_1_read8348881	0.012777847230384477
1624	G000762265_1_read2349962	0.003288818071786953
1625	G000762265_2_read5159850	0.0033878311501473126
1626	G000762265_1_read8104399	0.003286483169584585
1627	G001515215_1_read3447613	1.1687840269999998
1628	G000965745_1_read9411037	0.30723162119999997
1629	G000965745_1_read3437080	0.41245520069999997
1630	G000965745_1_read3448115	0.4605126133
1631	G000350305_1_read5525263	0.15195357051896108
1632	G000350305_1_read8286408	0.3200613316
1633	G000350305_1_read5148009	0.2053498046
1634	G000415945_1_read802723	0.034928712369208435
1635	G000710615_1_read9044833	0.1224034644
1636	G000415945_1_read9722953	0.46178639180000003
1637	G000415945_1_read4444384	0.4094437548
1638	G000415945_1_read7620724	0.7492946965999999
1639	G001602645_1_read4629901	0.0037007628197900494
1640	G001602645_1_read6551458	0.2058065506
1641	G001402855_2_read9334460	0.0045701670112745325
1642	G001402855_2_read5028704	0.00457736752604297
1643	G001402855_2_read7631186	0.03663118218571429
1644	G001766815_1_read313065	0.1799751273
1645	G000503835_1_read2785692	7.654705775145078e-06
1646	G001788225_1_read5633345	0.16547743985000002
1647	G001774275_1_read7925776	2.867154285714286e-05
1648	G001872335_1_read8171282	0.1698123239
1649	G001872335_1_read6027545	0.5962745153
1650	G001773775_1_read280269	0.056759717858975524
1651	G001784435_1_read5852175	0.3599121656
1652	G001784235_1_read6105701	0.0017750283250000001
1653	G001794605_1_read7588304	0.0177208667
1654	G001818625_1_read8912643	0.09336736469685877
1655	G001819135_1_read313979	0.008851414614007794
1656	G000020945_2_read4343054	0.1614431589
1657	G001027025_2_read5830592	0.3640552298
1658	G000017545_2_read138302	0.026959394306872768
1659	G000828675_1_read3783941	0.2884718984
1660	G000828675_1_read6401300	0.16872321046464553
1661	G000828675_1_read9811707	0.003914081017090856
1662	G001544015_2_read7174464	0.008691088649061604
1663	G000025885_1_read3366940	0.5055246629
1664	G000025885_3_read263145	0.5117401003000001
1665	G000447295_3_read6592646	0.0206524927
1666	G000447295_3_read4835256	0.0206524927
1667	G000447295_1_read2026461	0.034700009500000004
1668	G000447295_1_read61672	0.004413124518121775
1669	G000024985_2_read622845	0.22226894730000002
1670	G000516515_3_read5014201	0.0012219796234278625
1671	G000516515_1_read8725063	0.0198863212
1672	G001567105_1_read2075846	0.9661075356
1673	G000252445_4_read3341567	0.13935569990000002
1674	G000252445_2_read3874075	0.325634873
1675	G000564995_1_read8209269	0.06469547085854722
1676	G000564995_1_read2951710	0.01627313019856963
1677	G000411555_4_read7005226	0.04730004525
1678	G000411555_3_read4067868	0.03140101217132035
1679	G000411555_1_read1608699	0.04730004525
1680	G000411555_4_read3129181	0.04730004525
1681	G900128965_1_read6540338	0.26658631245
1682	G000315465_1_read4183628	0.48786613300000004
1683	G000315465_2_read2560743	0.1631705678
1684	G000983115_1_read1538296	0.3351576192
1685	G000016165_6_read3083155	0.011461190242533833
1686	G000016165_6_read3406743	0.1931219389
1687	G000016165_7_read7199645	0.021405490022280763
1688	G000016165_4_read8732449	0.2012767188
1689	G000016165_4_read2033803	0.160679739
1690	G000016165_3_read2897517	0.2012767188
1691	G000016165_7_read628210	0.1558486512
1692	G000016165_4_read4765577	0.002587264586670496
1693	G000016165_7_read9729539	0.011461190242533833
1694	G000740865_1_read84983	0.02653515355867022
1695	G000189775_1_read2716995	0.023776349100082455
1696	G000740865_1_read3255849	0.079731003
1697	G000740855_1_read1355583	0.09279937838626257
1698	G000013105_1_read9812683	0.09362857190000001
1699	G000512895_1_read6074195	0.4143772173
1700	G000208405_2_read5793373	0.10282157509931641
1701	G000208405_3_read7803998	0.2454710591
1702	G000208405_3_read7086668	0.222331633
1703	G000208405_2_read8263657	0.2454710591
1704	G000189775_1_read8705530	0.0664972107
1705	G000189775_3_read6534563	0.0745212101
1706	G900129265_1_read9400037	0.0842831916
1707	G000007625_2_read7445847	0.3733599112
1708	G000744935_11_read3128240	0.4005850267
1709	G000007625_6_read1013538	0.2839621617
1710	G000196455_5_read5000407	0.10214941753936957
1711	G000299355_1_read7935766	0.203730205
1712	G900120165_1_read7047834	0.7785657354
1713	G000758845_1_read4721668	0.7216343004
1714	G000800295_1_read9564263	0.4359708888
1715	G900110045_1_read2820548	0.4759461371
1716	G900095865_1_read7648221	0.2431771599
1717	G000383295_1_read2604935	0.6794098854000001
1718	G900095865_5_read8195486	0.2431771599
1719	G900095865_4_read8273778	0.275078177
1720	G900095865_1_read6770211	0.2431771599
1721	G001941055_1_read2888000	0.6139871672999999
1722	G000701545_1_read6803320	0.011662904656333026
1723	G000403455_1_read8234042	0.006579925468048712
1724	G000702485_5_read3963566	0.14842459053396664
1725	G000702485_6_read9193378	0.3395503233
1726	G000702485_2_read8009375	0.2930810728
1727	G000702485_4_read7555856	0.0037363958170299884
1728	G000702485_6_read3292123	0.3395503233
1729	G000702485_3_read888041	0.269629485
1730	G000702485_1_read4378923	0.059980311704318896
1731	G000702485_5_read9741452	0.3610211859
1732	G001294525_1_read2938446	0.0013519687147186038
1733	G001039275_10_read3995084	0.001541663914285714
1734	G001039275_9_read5756668	0.010080346585714285
1735	G001039275_5_read969995	0.0005751872857142858
1736	G001039275_4_read2975216	0.0029286470345131713
1737	G001039275_1_read2206148	0.0019846354935383857
1738	G001039275_7_read5007973	0.0026402902611856907
1739	G001039275_4_read3132665	0.0010675463409435205
1740	G001039275_4_read2777242	0.0014770866669586303
1741	G001039275_3_read5864548	0.0014770866669586303
1742	G001543345_8_read2507641	-3.480205649561924e-05
1743	G000179615_9_read1483076	0.1750950375
1744	G000179615_10_read2078181	0.1001398015
1745	G001543345_10_read9403375	0.0007448305784641139
1746	G001543345_4_read4584092	0.2605466642
1747	G001543345_2_read8143021	0.002765227801714286
1748	G001543345_3_read2734216	0.00820814731633314
1749	G001543345_2_read6044176	0.0027632660002608837
1750	G001543345_10_read9408288	0.004045546776370321
1751	G001543345_12_read2391711	0.0021747338337707116
1752	G001543345_5_read7663928	0.0023820449767489936
1753	G000687735_1_read8579783	0.2412745403
1754	G000968055_1_read7127810	0.14813009701281724
1755	G000752095_4_read2117140	0.22988930670000002
1756	G000752095_1_read6338581	0.2080523201
1757	G000752095_4_read3967118	0.09446948349141193
1758	G000752095_8_read9513361	0.30750208300000004
1759	G000752095_4_read862356	0.2080523201
1760	G000752095_9_read9463250	0.3003764545
1761	G000701725_1_read2962426	0.2193742135
1762	G000210615_1_read7472595	0.23531175190000003
1763	G001543345_11_read7431798	0.2605466642
1764	G001543345_1_read5534282	0.002765227801714286
1765	G001420855_12_read7662033	0.009268523966896137
1766	G001420855_12_read3527094	0.005623395314966687
1767	G001420855_1_read9256270	0.0437460192
1768	G001591605_1_read4826742	0.004291312
1769	G001591605_1_read7663068	0.004291312
1770	G001649715_1_read9096219	0.0149118927
1771	G001649715_1_read9461879	0.0149118927
1772	G001649715_2_read457108	0.0214531211
1773	G000648015_1_read9177844	0.0071069414
1774	G001435325_1_read2331835	0.09688347100000001
1775	G001435325_1_read4812392	0.09688347100000001
1776	G000750535_5_read2593277	0.000909446175
1777	G001749745_3_read885925	0.0717017629738778
1778	G001825665_1_read9835125	0.3993016255
1779	G001642955_1_read442774	0.02662987478901316
1780	G001604585_1_read2355070	0.549364059
1781	G001604585_1_read7824164	0.3120575722
1782	G900097105_1_read7886738	0.022354152558108374
1783	G900097105_3_read3320353	0.006584254344602543
1784	G001803165_1_read6175772	0.016863328599999998
1785	G000170795_3_read2064544	0.024368737675766326
1786	G000170795_1_read9536744	0.0042540973255279484
1787	G900103665_1_read6906666	0.08059653319320348
1788	G000304455_1_read9028005	0.0627581324
1789	G001592935_1_read3474867	0.008324351962663897
1790	G900107465_1_read8933351	0.0013359065889877928
1791	G900107465_1_read8133681	0.0023929317000000003
1792	G000482465_1_read1436864	0.04394873507957394
1793	G900116425_1_read3958534	0.28581829599999997
1794	G000348805_1_read1759907	0.14028354440000002
1795	G000498475_1_read9638290	0.062359803
1796	G000498475_1_read72251	0.0027448129568968835
1797	G900105105_1_read6203506	0.002546847469060605
1798	G000768875_1_read170497	0.006138791318173108
1799	G000768875_1_read50893	0.003323346110013103
1800	G000159995_1_read9727054	0.2292920591
1801	G000996695_1_read7238126	0.7519520372999999
1802	G000996695_1_read2180104	0.6781861782
1803	G000989525_1_read3534287	0.5460482216
1804	G000507845_2_read2639564	0.5362993768
1805	G000507845_2_read3784802	0.5362993768
1806	G000265295_1_read8912485	0.00680179268962276
1807	G000585155_1_read2424864	0.0706771013
1808	G000585155_4_read4886276	0.008507831462660792
1809	G000585155_3_read4683562	0.1215122836
1810	G001263205_4_read4923327	0.23052692860000001
1811	G001263205_3_read7024716	0.006321177592551962
1812	G001795505_1_read8661351	0.0021768054047250733
1813	G000167355_1_read2771184	0.4301329261
1814	G000469585_2_read2221584	1.1062051314
1815	G900156605_1_read1707812	0.21475919599999999
1816	G000171835_1_read8312031	0.2373270544
1817	G000007105_2_read3112550	0.0005361374552403255
1818	G000980895_1_read7089080	0.2073407169
1819	G000763805_1_read8090028	0.06479226269999999
1820	G000744995_1_read4825404	0.03247912970267101
1821	G001404055_1_read7662209	0.0915505341
1822	G000756225_2_read4645149	0.001019836118453183
1823	G000496595_3_read2426808	0.2150429265
1824	G000379225_1_read7107283	0.3052826265
1825	G001619695_1_read2727397	0.1556129013
1826	G000023705_1_read3282274	0.002789201615909389
1827	G001424785_1_read3045306	0.002174071984958073
1828	G000711955_1_read4991043	0.2874782
1829	G000371925_1_read3478128	0.005478712112131662
1830	G000260965_1_read3571500	0.125680814
1831	G000260965_3_read8366326	0.041322511271807166
1832	G000260965_3_read3298858	0.15445795080000002
1833	G000260965_3_read9204217	0.041322511271807166
1834	G001708965_1_read6196881	0.0034414589
1835	G000505725_3_read1097185	0.000258123761285227
1836	G001188545_2_read4144290	0.013336700180488631
1837	G001188545_4_read5141838	0.013333557849967995
1838	G001188545_2_read5665094	0.00877183653415113
1839	G000821105_1_read2486499	0.036399952063493154
1840	G000753715_1_read2422943	0.31911107790000004
1841	G001886435_3_read560697	0.001296546622038248
1842	G001750165_7_read8740563	0.05434613108495498
1843	G001750165_2_read6764591	0.054344781441963634
1844	G000478685_2_read8722537	0.6739842478000001
1845	G001515215_1_read2555095	0.26542312209999996
1846	G001399795_1_read3290600	0.4612950935
1847	G000965745_1_read7486609	0.4877150473
1848	G000350305_1_read247216	0.19670996259999998
1849	G000415945_1_read7510183	0.4742725151
1850	G001766815_1_read7391216	0.5813443088999999
1851	G001602645_1_read2080210	0.0037007628197900494
1852	G001602645_1_read7813223	0.0037007628197900494
1853	G000995995_1_read3850125	0.30825251280000004
1854	G001773725_1_read5743207	0.0147023573
1855	G001818735_1_read9849325	0.0006422822103688177
1856	G001784235_1_read8637740	0.0005701308499999999
1857	G001784235_1_read3824328	0.0004370378684316123
1858	G001822865_1_read3954010	0.013027702600000001
1859	G001004055_1_read2353035	0.00502423945
1860	G001794605_1_read9291180	0.0094806685
1861	G001818535_1_read3120884	0.034039029299999995
1862	G001872305_1_read3576434	1.0080433277
1863	G001027025_2_read4699118	0.3226231194
1864	G001027025_1_read7280747	0.212342582
1865	G001027025_1_read3088245	0.34816082859999997
1866	G000237805_1_read6899246	-0.0535297125
1867	G000332175_2_read9215817	0.0787078148199701
1868	G000447295_1_read4141198	0.034700009500000004
1869	G000152145_1_read6029786	0.1807733442
1870	G000516515_1_read979745	0.0194209639
1871	G001567105_1_read9974785	1.0980838705
1872	G900128965_1_read8532982	0.26658631245
1873	G000737865_1_read4222290	0.1095506701
1874	G000016165_5_read6768334	0.011461190242533833
1875	G000016165_5_read8752742	0.3069239417
1876	G000016165_4_read2505046	0.2012767188
1877	G000189775_2_read2016345	0.0498376545
1878	G000740865_1_read5774543	0.026485009231786368
1879	G000740855_1_read7693500	0.07274795646056796
1880	G000189775_5_read32770	0.023776349100082455
1881	G000299355_6_read1206335	0.21410360850000001
1882	G000702485_1_read8827615	0.3766518409
1883	G001543345_5_read3967704	0.003882364265435186
1884	G001543345_6_read8431879	0.003066416034639619
1885	G001543345_9_read4455416	0.0026993172554842307
1886	G001543345_5_read4337615	0.0023820449767489936
1887	G000752095_2_read3098398	0.23601823240000003
1888	G001543345_11_read8352863	0.004044883670425493
1889	G001420855_5_read9276259	0.031217799600000002
1890	G000301055_1_read7977054	0.22640225759507057
1891	G000007785_1_read5033230	0.0108892347
1892	G000750535_4_read2463585	0.0011863743674845612
1893	G900097105_3_read3854684	0.0063133430159578695
1894	G900107465_1_read3707841	0.0013335684235353945
1895	G000482465_1_read6846930	0.0353926919
1896	G900105105_1_read8168574	0.16567227690000003
1897	G900105105_2_read3083577	0.0025457327297787906
1898	G001769115_1_read8005580	-4.48308e-05
1899	G000768875_1_read1704104	0.2459335915
1900	G000159995_1_read6701938	0.245029151
1901	G000265295_2_read5119504	0.00680179268962276
1902	G000265295_1_read4800420	0.021278337571146964
1903	G000585155_7_read888974	0.009428291681487922
1904	G000585155_2_read3910715	0.019069357182687142
1905	G001263205_2_read5592782	0.25320863450000003
1906	G000020725_3_read7120214	0.2067503592
1907	G001941945_4_read1219264	0.20035018359999998
1908	G000297775_2_read895269	0.1123196258
1909	G000711955_1_read4559997	0.32662509260000006
1910	G000260965_3_read7771187	0.135847759
1911	G001188545_3_read7582962	0.024662735199999997
1912	G000379165_1_read8268969	0.0031416642133004474
1913	G000987765_1_read817333	0.0702313759
1914	G000478685_2_read7782562	0.006856887820885083
1915	G000710615_1_read4932987	0.1342226298
1916	G001766815_1_read6070493	0.24778781570000002
1917	G001822865_1_read4709855	0.2409813744
1918	G001818535_1_read4129994	0.034039029299999995
1919	G000020945_1_read4205712	0.1361273289
1920	G000020945_2_read9042037	-0.19383037660000002
1921	G000023325_1_read7768916	0.22327916620000002
1922	G001771535_1_read9053543	0.1333883286
1923	G000152145_1_read8145736	0.8320053887000001
1924	G000024985_1_read9830597	0.22226894730000002
1925	G000024985_1_read270986	0.25064601200000003
1926	G000516515_3_read1820663	0.023491430100000002
1927	G000516515_1_read1783330	0.048910394
1928	G000411555_3_read1228284	0.04730004525
1929	G000156595_1_read7230911	0.0616518329
1930	G000016165_3_read4443734	0.15331916830000003
1931	G000740865_1_read6311666	0.045418364738017504
1932	G000740865_1_read9173696	0.06533872643389244
1933	G000189775_3_read9203581	0.0498376545
1934	G001543345_4_read2824123	0.008208235055675962
1935	G001543345_8_read5351993	0.012254640399999999
1936	G001543345_2_read269233	0.0023820449767489936
1937	G000007785_3_read478902	0.0108892347
1938	G000750535_6_read1482510	0.001186382071375528
1939	G001803165_1_read5769017	0.0004839482910321017
1940	G000304455_1_read5480660	0.0627581324
1941	G000989525_1_read8260156	0.4140056119
1942	G000507845_1_read1835308	0.5362993768
1943	G000585155_7_read4425204	0.019069357182687142
1944	G001263205_2_read4076270	0.43859507090000005
1945	G000711955_1_read3882366	0.1653129507
1946	G001188545_2_read4572626	0.013333557849967995
1947	G001188545_1_read1234271	0.008808603338169407
1948	G000336495_1_read2958724	0.0126172912
1949	G000336495_1_read2406692	0.004192285183311216
1950	G000238395_1_read2463781	0.03743682856199514
1951	G900116345_1_read9729018	0.0464924453
1952	G000185985_1_read2392670	0.029416348297821422
1953	G001515215_1_read1432276	0.37530508259999995
1954	G000710615_1_read1151743	0.1342226298
1955	G001766815_1_read6525712	0.24253412610000002
1956	G001004055_1_read9511969	0.0033186121834300705
1957	G000020945_1_read3602640	0.19751573790000002
1958	G000024985_1_read9476411	0.22965372900000003
1959	G000189775_4_read9727529	0.0745212101
1960	G000383295_1_read4384467	0.6794098854000001
1961	G000621405_1_read3667479	0.003256130578033546
1962	G001543345_8_read1106939	0.012254640399999999
1963	G001543345_11_read8246527	0.008208235055675962
1964	G001769115_1_read7680157	-4.48308e-05
1965	G001769115_1_read3595332	-0.050834106999999996
1966	G000170895_1_read6554988	0.33724961400000003
1967	G000379225_1_read2547994	0.33383708889999997
1968	G000710615_1_read446403	0.1265420035
1969	G001818535_1_read8303408	0.034039029299999995
1970	G000020945_2_read9656151	0.1805051994
1971	G000020945_1_read7149264	0.1735965451
1972	G000237805_2_read8150565	-0.0133490888
1973	G001771535_1_read9624748	0.1333883286
1974	G000024985_2_read5450143	0.2366860255
1975	G000516515_1_read6572232	0.0150612058
1976	G000411555_3_read4410834	0.0889752622
1977	G900120165_1_read3674336	0.588618659
1978	G000299355_2_read4830747	0.22294933500000003
1979	G001543345_4_read1776927	0.0027632660002608837
1980	G000007785_2_read7639723	0.0108892347
1981	G000648015_1_read4731935	0.0071069414
1982	G001302425_1_read3197796	0.4209571726
1983	G000304455_1_read7339818	0.0478458311
1984	G001769115_1_read4200633	-4.48308e-05
1985	G000469585_1_read2086879	0.21126489050000002
1986	G000170895_2_read4374590	0.201324049
1987	G001188545_1_read7460207	0.013336750145842922
1988	G001818535_1_read6922495	0.034039029299999995
1989	G000237805_2_read42007	0.0011536918
1990	G000024025_1_read1300124	0.3769897836
1991	G000740855_1_read4181883	0.07274795646056796
1992	G000189775_3_read3561562	0.0745212101
1993	G000299355_5_read2964867	0.203424086
1994	G900116345_1_read8580825	0.0464924453
1995	G001515215_1_read5791213	0.40507536759999996
1996	G001818535_1_read5863860	0.034039029299999995
1997	G000237805_2_read7009922	0.0011536918
1998	G000237805_2_read4782122	-0.0086860448
1999	G001769115_1_read4455783	-4.48308e-05
