G000296235	G000022725	0.127495	0	1255/100000
G000296235	G000046705	0.140673	0	853/100000
G000296235	G000196435	0.141566	0	831/100000
G000296235	G000273375	0.00389018	0	80720/100000
G000296235	G000278115	0.10677	0	2313/100000
G000296235	G000278135	0.142147	0	817/100000
G000296235	G000278155	0.127768	0	1245/100000
G000296235	G000278195	0.140995	0	845/100000
G000296235	G000278215	0.149975	0	650/100000
G000296235	G000278295	0.0792205	0	5292/100000
G000296235	G000280015	0.130561	0	1147/100000
G000296235	G000294715	0.147193	0	705/100000
G000296235	G000312545	0.143645	0	782/100000
G000296235	G000312565	0.151264	0	626/100000
G000296235	G000341385	0.133543	0	1051/100000
G000296235	G000385415	0.134165	0	1032/100000
G000296235	G000518105	0.13364	0	1048/100000
G000296235	G000689355	0.141484	0	833/100000
G000296235	G000706625	0.143558	0	784/100000
G000296235	G000708545	0.140473	0	858/100000
G000296235	G001932165	0.140433	0	859/100000
G000296235	G001932175	0.140116	0	867/100000
G000296235	G001932215	0.140314	0	862/100000
G000296235	G001932225	0.140077	0	868/100000
G000296235	G001932235	0.140314	0	862/100000
G000296235	G000273375	0.00389018	0	80720/100000
G000296235	G000278115	0.10677	0	2313/100000
G000296235	G000278295	0.0792205	0	5292/100000
G000296235	G000280015	0.130561	0	1147/100000
G000296235	G000312525	0.102924	0	2593/100000
G000340945	G000092985	0.0428564	0	16861/100000
G000340945	G000294515	0.14132	0	837/100000
G000340945	G000341065	0.0851202	0	4423/100000
G000340945	G000341085	0.130502	0	1149/100000
G000340945	G000341125	0.133155	0	1063/100000
G000340945	G000341145	0.155702	0	550/100000
G000340945	G001279585	0.128375	0	1223/100000
G000340945	G000092985	0.0428564	0	16861/100000
G000340945	G000341065	0.0851202	0	4423/100000
G000341585	G000332315	0.0012695	0	93023/100000
G000341585	G000332315	0.0012695	0	93023/100000
G000390045	G000185885	0.0079711	0	65784/100000
G000390045	G001188915	0.139221	0	890/100000
G000390045	G000185885	0.0079711	0	65784/100000
G000411595	G000196735	0.0514003	0	12691/100000
G000411595	G000275785	0.0198449	0	39123/100000
G000411595	G000740715	0.0193501	0	39914/100000
G000411595	G000746035	0.0197469	0	39278/100000
G000411595	G001440465	0.0202158	0	38543/100000
G000411595	G001461825	0.0196702	0	39400/100000
G000411595	G001461845	0.0191927	0	40170/100000
G000411595	G001517185	0.0199675	0	38930/100000
G000411595	G001587325	0.0200416	0	38814/100000
G000411595	G001617995	0.0201128	0	38703/100000
G000411595	G001687195	0.0192614	0	40058/100000
G000411595	G001975995	0.020161	0	38628/100000
G000411595	G900156245	0.0200692	0	38771/100000
G000411595	G000196735	0.0514003	0	12691/100000
G000411595	G000275785	0.0198449	0	39123/100000
G000411595	G000740715	0.0193501	0	39914/100000
G000411595	G000746035	0.0197469	0	39278/100000
G000411595	G001440465	0.0202158	0	38543/100000
G000411595	G001461825	0.0196702	0	39400/100000
G000411595	G001461845	0.0191927	0	40170/100000
G000411595	G001517185	0.0199675	0	38930/100000
G000411595	G001587325	0.0200416	0	38814/100000
G000411595	G001617995	0.0201128	0	38703/100000
G000411595	G001687195	0.0192614	0	40058/100000
G000411595	G001975995	0.020161	0	38628/100000
G000411595	G900156245	0.0200692	0	38771/100000
G000421085	G000006965	0.0484915	0	13964/100000
G000421085	G000017145	0.11063	0	2063/100000
G000421085	G000018545	0.148279	0	683/100000
G000421085	G000261485	0.157428	0	523/100000
G000421085	G000697965	0.170442	0	358/100000
G000421085	G001695855	0.171713	0	345/100000
G000421085	G001889105	0.144397	0	765/100000
G000421085	G000006965	0.0484915	0	13964/100000
G000421085	G000017145	0.11063	0	2063/100000
G000438515	G000407245	0.111225	0	2027/100000
G000438515	G000407545	0.146951	0	710/100000
G000438515	G001808965	0.114888	0	1819/100000
G000502035	G000008685	0.00780602	0	66309/100000
G000502035	G000181895	0.0809508	0	5020/100000
G000502035	G000222305	0.0539205	0	11692/100000
G000502035	G000300045	0.0743561	0	6143/100000
G000502035	G000304735	0.0734751	0	6312/100000
G000502035	G000501015	0.0775811	0	5564/100000
G000502035	G000501215	0.0778465	0	5519/100000
G000502035	G000501235	0.0730769	0	6390/100000
G000502035	G000501275	0.0785592	0	5400/100000
G000502035	G000501595	0.07326	0	6354/100000
G000502035	G000501615	0.0769707	0	5669/100000
G000502035	G000501675	0.0767014	0	5716/100000
G000502035	G000501695	0.0759293	0	5853/100000
G000502035	G000501735	0.0731582	0	6374/100000
G000502035	G000501755	0.0753668	0	5955/100000
G000502035	G000501875	0.0792452	0	5288/100000
G000502035	G000501895	0.0766045	0	5733/100000
G000502035	G000501915	0.0732549	0	6355/100000
G000502035	G000691545	0.0743561	0	6143/100000
G000502035	G000714705	0.0755531	0	5921/100000
G000502035	G000739475	0.0762763	0	5791/100000
G000502035	G001922545	0.0720054	0	6605/100000
G000502035	G000008685	0.00780602	0	66309/100000
G000502035	G000181895	0.0809508	0	5020/100000
G000502035	G000222305	0.0539205	0	11692/100000
G000502035	G000300045	0.0743561	0	6143/100000
G000502035	G000304735	0.0734751	0	6312/100000
G000502035	G000500975	0.074462	0	6123/100000
G000502035	G000501015	0.0775811	0	5564/100000
G000502035	G000501155	0.0788881	0	5346/100000
G000502035	G000501215	0.0778465	0	5519/100000
G000502035	G000501235	0.0730769	0	6390/100000
G000502035	G000501275	0.0785592	0	5400/100000
G000502035	G000501595	0.07326	0	6354/100000
G000502035	G000501615	0.0769707	0	5669/100000
G000502035	G000501675	0.0767014	0	5716/100000
G000502035	G000501695	0.0759293	0	5853/100000
G000502035	G000501735	0.0731582	0	6374/100000
G000502035	G000501755	0.0753668	0	5955/100000
G000502035	G000501875	0.0792452	0	5288/100000
G000502035	G000501895	0.0766045	0	5733/100000
G000502035	G000501915	0.0732549	0	6355/100000
G000502035	G000502095	0.00840579	0	64429/100000
G000502035	G000691545	0.0743561	0	6143/100000
G000502035	G000714705	0.0755531	0	5921/100000
G000502035	G000739475	0.0762763	0	5791/100000
G000502035	G001922545	0.0720054	0	6605/100000
G000719825	G000009765	0.128993	0	1201/100000
G000719825	G000010605	0.15388	0	580/100000
G000719825	G000091305	0.128542	0	1217/100000
G000719825	G000092385	0.171023	0	352/100000
G000719825	G000147815	0.169965	0	363/100000
G000719825	G000156435	0.122675	0	1446/100000
G000719825	G000158915	0.168213	0	382/100000
G000719825	G000158935	0.122511	0	1453/100000
G000719825	G000158955	0.121024	0	1518/100000
G000719825	G000203835	0.123726	0	1402/100000
G000719825	G000204605	0.13107	0	1130/100000
G000719825	G000253235	0.145767	0	735/100000
G000719825	G000317595	0.131374	0	1120/100000
G000719825	G000331005	0.134431	0	1024/100000
G000719825	G000349325	0.119515	0	1587/100000
G000719825	G000376565	0.125905	0	1315/100000
G000719825	G000429085	0.15484	0	564/100000
G000719825	G000444875	0.118503	0	1635/100000
G000719825	G000497425	0.160087	0	484/100000
G000719825	G000497445	0.126009	0	1311/100000
G000719825	G000695235	0.160876	0	473/100000
G000719825	G000716215	0.118879	0	1617/100000
G000719825	G000716675	0.144353	0	766/100000
G000719825	G000716805	0.141856	0	824/100000
G000719825	G000717345	0.159455	0	493/100000
G000719825	G000718095	0.157102	0	528/100000
G000719825	G000718315	0.129422	0	1186/100000
G000719825	G000718595	0.143953	0	775/100000
G000719825	G000719335	0.152208	0	609/100000
G000719825	G000719955	0.147584	0	697/100000
G000719825	G000720455	0.152208	0	609/100000
G000719825	G000720475	0.147339	0	702/100000
G000719825	G000721105	0.122231	0	1465/100000
G000719825	G000721235	0.12693	0	1276/100000
G000719825	G000721275	0.144041	0	773/100000
G000719825	G000725495	0.130561	0	1147/100000
G000719825	G000725795	0.124362	0	1376/100000
G000719825	G000802245	0.138726	0	903/100000
G000719825	G000827005	0.149091	0	667/100000
G000719825	G000830005	0.146615	0	717/100000
G000719825	G000938975	0.168033	0	384/100000
G000719825	G000968255	0.131679	0	1110/100000
G000719825	G001005085	0.122699	0	1445/100000
G000719825	G001013905	0.124313	0	1378/100000
G000719825	G001278075	0.150187	0	646/100000
G000719825	G001279695	0.151594	0	620/100000
G000719825	G001279985	0.127768	0	1245/100000
G000719825	G001298575	0.137064	0	948/100000
G000719825	G001418335	0.139763	0	876/100000
G000719825	G001418415	0.129566	0	1181/100000
G000719825	G001418465	0.150293	0	644/100000
G000719825	G001418475	0.126983	0	1274/100000
G000719825	G001418585	0.102244	0	2646/100000
G000719825	G001418655	0.134564	0	1020/100000
G000719825	G001419695	0.12685	0	1279/100000
G000719825	G001419745	0.141773	0	826/100000
G000719825	G001509795	0.117663	0	1676/100000
G000719825	G001511815	0.121429	0	1500/100000
G000719825	G001513975	0.118691	0	1626/100000
G000719825	G001514045	0.120646	0	1535/100000
G000719825	G001611795	0.120491	0	1542/100000
G000719825	G001646665	0.146188	0	726/100000
G000719825	G001654495	0.122139	0	1469/100000
G000719825	G001660045	0.121771	0	1485/100000
G000719825	G001729485	0.160443	0	479/100000
G000719825	G001746425	0.155329	0	556/100000
G000719825	G001750785	0.148632	0	676/100000
G000719825	G001905365	0.156714	0	534/100000
G000719825	G001418585	0.102244	0	2646/100000
G000720375	G001302585	0.13098	0	1133/100000
G000735795	G000007865	0.174084	0	322/100000
G000735795	G000157895	0.171913	0	343/100000
G000735795	G000164135	0.177095	0	295/100000
G000735795	G000195835	0.00142762	0	92205/100000
G000735795	G000222105	0.178281	0	285/100000
G000735795	G000277125	0.179136	0	278/100000
G000735795	G000340435	0.168213	0	382/100000
G000735795	G000526915	0.181438	0	260/100000
G000735795	G000613245	0.184335	0	239/100000
G000735795	G000689255	0.180395	0	268/100000
G000735795	G000723425	0.180267	0	269/100000
G000735795	G000759695	0.184769	0	236/100000
G000735795	G001021495	0.180267	0	269/100000
G000735795	G001417955	0.187975	0	215/100000
G000735795	G000195835	0.00142762	0	92205/100000
G000818655	G000011545	0.170635	0	356/100000
G000818655	G000011705	0.168574	0	378/100000
G000818655	G000013645	0.175612	0	308/100000
G000818655	G000020045	0.169402	0	369/100000
G000818655	G000684975	0.171813	0	344/100000
G000818655	G000698575	0.117321	0	1693/100000
G000818655	G000698595	0.145212	0	747/100000
G000818655	G000739795	0.176175	0	303/100000
G000818655	G000785435	0.170828	0	354/100000
G000818655	G000959245	0.16689	0	397/100000
G000818655	G000959725	0.188459	0	212/100000
G000818655	G001411495	0.171023	0	352/100000
G000818655	G001544555	0.183622	0	244/100000
G000818655	G001865575	0.169124	0	372/100000
G000818655	G000698575	0.117321	0	1693/100000
G000878385	G000019725	0.0105994	0	58149/100000
G000878385	G000019945	0.155268	0	557/100000
G000878385	G001262595	0.111544	0	2008/100000
G000878385	G001280145	0.0111265	0	56766/100000
G000878385	G001548015	0.161241	0	468/100000
G000878385	G001643095	0.157102	0	528/100000
G000878385	G000019725	0.0105994	0	58149/100000
G000878385	G001262595	0.111544	0	2008/100000
G000878385	G001280145	0.0111265	0	56766/100000
G001175545	G000006785	0.156015	0	545/100000
G001175545	G000188015	0.163988	0	432/100000
G001175545	G000317855	0.158024	0	514/100000
G001311765	G000056065	0.137903	0	925/100000
G001311765	G001434815	0.00188356	0	89905/100000
G001311765	G001434815	0.00188356	0	89905/100000
G001314785	G000429045	0.209219	0	116/100000
G001404395	G000012845	0.0229557	0	34581/100000
G001404395	G000012845	0.0229557	0	34581/100000
G001475495	G000015005	0.161832	0	460/100000
G001475495	G000455325	0.10595	0	2370/100000
G001475495	G000612825	0.150134	0	647/100000
G001475495	G000805385	0.114445	0	1843/100000
G001475495	G001307545	0.0096015	0	60896/100000
G001475495	G001428895	0.181837	0	257/100000
G001475495	G001570425	0.155577	0	552/100000
G001475495	G000455325	0.10595	0	2370/100000
G001475495	G000805385	0.114445	0	1843/100000
G001475495	G001307545	0.0096015	0	60896/100000
G001476225	G000019725	0.00860698	0	63815/100000
G001476225	G001262595	0.111325	0	2021/100000
G001476225	G001280145	0.0110674	0	56919/100000
G001476225	G001548015	0.163751	0	435/100000
G001476225	G001643095	0.158902	0	501/100000
G001476225	G000019725	0.00860698	0	63815/100000
G001476225	G001262595	0.111325	0	2021/100000
G001476225	G001280145	0.0110674	0	56919/100000
G001484705	G000009765	0.13548	0	993/100000
G001484705	G000010605	0.153704	0	583/100000
G001484705	G000091305	0.136316	0	969/100000
G001484705	G000092385	0.168574	0	378/100000
G001484705	G000147815	0.171416	0	348/100000
G001484705	G000156435	0.102219	0	2648/100000
G001484705	G000158915	0.168757	0	376/100000
G001484705	G000158935	0.117281	0	1695/100000
G001484705	G000158955	0.118649	0	1628/100000
G001484705	G000203835	0.118566	0	1632/100000
G001484705	G000204605	0.128767	0	1209/100000
G001484705	G000253235	0.14987	0	652/100000
G001484705	G000317595	0.137245	0	943/100000
G001484705	G000331005	0.143602	0	783/100000
G001484705	G000349325	0.126983	0	1274/100000
G001484705	G000376565	0.139375	0	886/100000
G001484705	G000429085	0.15388	0	580/100000
G001484705	G000444875	0.123412	0	1415/100000
G001484705	G000497425	0.160016	0	485/100000
G001484705	G000497445	0.131252	0	1124/100000
G001484705	G000695235	0.162208	0	455/100000
G001484705	G000716215	0.125391	0	1335/100000
G001484705	G000716675	0.145535	0	740/100000
G001484705	G000716805	0.146759	0	714/100000
G001484705	G000717025	0.160515	0	478/100000
G001484705	G000717345	0.158359	0	509/100000
G001484705	G000717745	0.157102	0	528/100000
G001484705	G000718095	0.160158	0	483/100000
G001484705	G000718315	0.132488	0	1084/100000
G001484705	G000718595	0.145212	0	747/100000
G001484705	G000718635	0.162283	0	454/100000
G001484705	G000719335	0.153411	0	588/100000
G001484705	G000719955	0.144532	0	762/100000
G001484705	G000720455	0.154718	0	566/100000
G001484705	G000720475	0.150187	0	646/100000
G001484705	G000721105	0.129364	0	1188/100000
G001484705	G000721235	0.1184	0	1640/100000
G001484705	G000721275	0.146855	0	712/100000
G001484705	G000725495	0.137354	0	940/100000
G001484705	G000725795	0.127822	0	1243/100000
G001484705	G000802245	0.140235	0	864/100000
G001484705	G000827005	0.151429	0	623/100000
G001484705	G000830005	0.150028	0	649/100000
G001484705	G000938975	0.169871	0	364/100000
G001484705	G000968255	0.137572	0	934/100000
G001484705	G001005085	0.131496	0	1116/100000
G001484705	G001013905	0.118566	0	1632/100000
G001484705	G001278075	0.147291	0	703/100000
G001484705	G001279695	0.153294	0	590/100000
G001484705	G001279985	0.130177	0	1160/100000
G001484705	G001298575	0.144712	0	758/100000
G001484705	G001418335	0.14535	0	744/100000
G001484705	G001418415	0.116627	0	1728/100000
G001484705	G001418465	0.150187	0	646/100000
G001484705	G001418475	0.133869	0	1041/100000
G001484705	G001418585	0.131101	0	1129/100000
G001484705	G001418655	0.14169	0	828/100000
G001484705	G001419695	0.112622	0	1945/100000
G001484705	G001419745	0.144622	0	760/100000
G001484705	G001509795	0.116237	0	1748/100000
G001484705	G001511815	0.125596	0	1327/100000
G001484705	G001513975	0.124387	0	1375/100000
G001484705	G001514045	0.13101	0	1132/100000
G001484705	G001611795	0.119837	0	1572/100000
G001484705	G001646665	0.144577	0	761/100000
G001484705	G001654495	0.123896	0	1395/100000
G001484705	G001660045	0.117201	0	1699/100000
G001484705	G001729485	0.15863	0	505/100000
G001484705	G001746425	0.155577	0	552/100000
G001484705	G001750785	0.146236	0	725/100000
G001484705	G001905365	0.156458	0	538/100000
G001484705	G000156435	0.102219	0	2648/100000
G001486905	G000495505	0.10944	0	2137/100000
G001486905	G000736415	0.162587	0	450/100000
G001486905	G001643955	0.0129529	0	52306/100000
G001486905	G001643955	0.0129529	0	52306/100000
G001508125	G000008545	0.032698	0	24025/100000
G001508125	G000016785	0.0218631	0	36096/100000
G001508125	G000018945	0.08281	0	4744/100000
G001508125	G000025105	0.018019	0	42147/100000
G001508125	G000230655	0.0326598	0	24058/100000
G001508125	G000390265	0.0326587	0	24059/100000
G001508125	G000750655	0.082977	0	4720/100000
G001508125	G000784835	0.0416613	0	17560/100000
G001508125	G000832145	0.0883307	0	4014/100000
G001508125	G000978555	0.0326621	0	24056/100000
G001508125	G001508875	0.0121397	0	54231/100000
G001508125	G000008545	0.032698	0	24025/100000
G001508125	G000016785	0.0218631	0	36096/100000
G001508125	G000025105	0.018019	0	42147/100000
G001508125	G000230655	0.0326598	0	24058/100000
G001508125	G000390265	0.0326587	0	24059/100000
G001508125	G000784835	0.0416613	0	17560/100000
G001508125	G000978555	0.0326621	0	24056/100000
G001508125	G001508875	0.0121397	0	54231/100000
G001509385	G000018605	0.0793818	0	5266/100000
G001509385	G001508055	0.0612232	0	9254/100000
G001509385	G000018605	0.0793818	0	5266/100000
G001509385	G001508055	0.0612232	0	9254/100000
G001525555	G000067205	0.150829	0	634/100000
G001525555	G000195715	0.00249626	0	86945/100000
G001525555	G000317935	0.0153339	0	47170/100000
G001525555	G000318015	0.017617	0	42853/100000
G001525555	G000612485	0.131313	0	1122/100000
G001525555	G001078275	0.147732	0	694/100000
G001525555	G001457475	0.143038	0	796/100000
G001525555	G001571365	0.148279	0	683/100000
G001525555	G900078695	0.156714	0	534/100000
G001525555	G000195715	0.00249626	0	86945/100000
G001525555	G000317935	0.0153339	0	47170/100000
G001525555	G000318015	0.017617	0	42853/100000
G001570385	G000024865	0.159664	0	490/100000
G001570385	G000511135	0.159247	0	496/100000
G001570385	G000715975	0.160731	0	475/100000
G001570385	G000718475	0.158224	0	511/100000
G001570385	G000721075	0.165284	0	416/100000
G001570385	G000725485	0.180913	0	264/100000
G001570385	G001417755	0.164469	0	426/100000
G001570385	G001552515	0.160659	0	476/100000
G001570385	G001570525	0.175612	0	308/100000
G001570385	G001653075	0.165867	0	409/100000
G001570385	G001696485	0.169965	0	363/100000
G001584035	G000007825	0.0693798	0	7165/100000
G001584035	G000007845	0.0576896	0	10356/100000
G001584035	G000008165	0.0576986	0	10353/100000
G001584035	G000008505	0.0562597	0	10842/100000
G001584035	G000017425	0.140553	0	856/100000
G001584035	G000291295	0.0819004	0	4877/100000
G001584035	G000832605	0.0773647	0	5601/100000
G001584035	G001420855	0.0701992	0	6985/100000
G001584035	G000007825	0.0693798	0	7165/100000
G001584035	G000007845	0.0576896	0	10356/100000
G001584035	G000008165	0.0576986	0	10353/100000
G001584035	G000008505	0.0562597	0	10842/100000
G001584035	G000291295	0.0819004	0	4877/100000
G001584035	G000832605	0.0773647	0	5601/100000
G001584035	G001420855	0.0701992	0	6985/100000
G001626545	G000013005	0.177683	0	290/100000
G001626545	G000186705	0.188459	0	212/100000
G001626545	G000756795	0.185062	0	234/100000
G001626545	G001235865	0.17006	0	362/100000
G001634345	G000014805	0.0932294	0	3464/100000
G001634345	G000196395	0.106307	0	2345/100000
G001634345	G000388115	0.134165	0	1032/100000
G001634345	G000819865	0.115546	0	1784/100000
G001634345	G000820125	0.14987	0	652/100000
G001634345	G000820205	0.0963482	0	3155/100000
G001634345	G001447335	0.147535	0	698/100000
G001634345	G001593245	0.0303581	0	26153/100000
G001634345	G000014805	0.0932294	0	3464/100000
G001634345	G000196395	0.106307	0	2345/100000
G001634345	G000819865	0.115546	0	1784/100000
G001634345	G000820205	0.0963482	0	3155/100000
G001634345	G001593245	0.0303581	0	26153/100000
G001672095	G000312705	0.0967319	0	3119/100000
G001672095	G000332135	0.160158	0	483/100000
G001672095	G000426925	0.0945251	0	3332/100000
G001672095	G000521175	0.105639	0	2392/100000
G001672095	G001586785	0.179384	0	276/100000
G001672095	G001858025	0.155084	0	560/100000
G001672095	G000312705	0.0967319	0	3119/100000
G001672095	G000426925	0.0945251	0	3332/100000
G001672095	G000521175	0.105639	0	2392/100000
G001690305	G000599985	0.16612	0	406/100000
G001690305	G001690255	0.128795	0	1208/100000
G001690305	G001690355	0.148937	0	670/100000
G001690305	G001690385	0.149608	0	657/100000
G001690305	G001690425	0.133902	0	1040/100000
G001690305	G001690435	0.0252877	0	31605/100000
G001690305	G001690495	0.127091	0	1270/100000
G001690305	G001690515	0.0223441	0	35419/100000
G001690305	G001690525	0.11805	0	1657/100000
G001690305	G001690535	0.13071	0	1142/100000
G001690305	G001690585	0.150293	0	644/100000
G001690305	G001690435	0.0252877	0	31605/100000
G001690305	G001690515	0.0223441	0	35419/100000
G001723875	G000599985	0.141814	0	825/100000
G001723875	G000725165	0.149765	0	654/100000
G001723875	G000725175	0.108383	0	2205/100000
G001723875	G001690195	0.164388	0	427/100000
G001723875	G001690255	0.158902	0	501/100000
G001723875	G001690355	0.158698	0	504/100000
G001723875	G001690385	0.161388	0	466/100000
G001723875	G001690425	0.161684	0	462/100000
G001723875	G001690435	0.158494	0	507/100000
G001723875	G001690445	0.126374	0	1297/100000
G001723875	G001690495	0.156778	0	533/100000
G001723875	G001690515	0.161094	0	470/100000
G001723875	G001690525	0.155391	0	555/100000
G001723875	G001690535	0.156907	0	531/100000
G001723875	G001690585	0.162057	0	457/100000
G001723875	G001693435	0.14535	0	744/100000
G001723875	G001693745	0.127795	0	1244/100000
G001724135	G000022305	0.159316	0	495/100000
G001724135	G000204645	0.171023	0	352/100000
G001724135	G000282995	0.173765	0	325/100000
G001724135	G000484635	0.0865323	0	4238/100000
G001724135	G000739995	0.17804	0	287/100000
G001724135	G000484635	0.0865323	0	4238/100000
G001807845	G000025565	0.145075	0	750/100000
G001807845	G000164865	0.148079	0	687/100000
G001807845	G000215745	0.12466	0	1364/100000
G001807845	G000240185	0.122	0	1475/100000
G001807845	G000247895	0.116412	0	1739/100000
G001807845	G000648515	0.145488	0	741/100000
G001807845	G000694955	0.142315	0	813/100000
G001807845	G001022195	0.0129893	0	52222/100000
G001807845	G001571285	0.136884	0	953/100000
G001807845	G001022195	0.0129893	0	52222/100000
G001812935	G000008345	0.000204914	0	98822/100000
G001812935	G000144735	0.0063693	0	71137/100000
G001812935	G000145515	0.00635712	0	71180/100000
G001812935	G000145555	0.00601931	0	72388/100000
G001812935	G000204235	0.103394	0	2557/100000
G001812935	G000221145	0.0956563	0	3221/100000
G001812935	G000367205	0.144397	0	765/100000
G001812935	G000008345	0.000204914	0	98822/100000
G001812935	G000144735	0.0063693	0	71137/100000
G001812935	G000145515	0.00635712	0	71180/100000
G001812935	G000145555	0.00601931	0	72388/100000
G001812935	G000204235	0.103394	0	2557/100000
G001812935	G000221145	0.0956563	0	3221/100000
G001896795	G000024385	0.00323438	0	83565/100000
G001896795	G000425065	0.185956	0	228/100000
G001896795	G000468475	0.186718	0	223/100000
G001896795	G000718255	0.181306	0	261/100000
G001896795	G000024385	0.00323438	0	83565/100000
G001897825	G000020565	0.197086	0	165/100000
G001898175	G000092865	0.184048	0	241/100000
G001898175	G000212695	0.178401	0	284/100000
G001898175	G000218545	0.183764	0	243/100000
G001898175	G000312005	0.173241	0	330/100000
G001898175	G000708885	0.180653	0	266/100000
G001898175	G000767135	0.192049	0	191/100000
G001898175	G001040865	0.180267	0	269/100000
G001898175	G001429255	0.185506	0	231/100000
G001898175	G001552375	0.175836	0	306/100000
G001898415	G000230695	0.106036	0	2364/100000
G001898415	G000264315	0.136528	0	963/100000
G001898415	G000264335	0.144667	0	759/100000
G001898415	G000620485	0.155206	0	558/100000
G001898415	G000632805	0.17293	0	333/100000
G001898415	G001182895	0.151046	0	630/100000
G001898415	G001617355	0.113844	0	1876/100000
G001898415	G001641285	0.149504	0	659/100000
G001898415	G000230695	0.106036	0	2364/100000
G001914155	G000163595	0.133608	0	1049/100000
G001914155	G000422085	0.122208	0	1466/100000
G001914155	G000513215	0.0400577	0	18551/100000
G001914155	G001514455	0.149091	0	667/100000
G001914155	G001572725	0.125264	0	1340/100000
G001914155	G000513215	0.0400577	0	18551/100000
G002011835	G001184205	0.191335	0	195/100000
G002117205	G000009745	0.0184175	0	41462/100000
G002117205	G000009745	0.0184175	0	41462/100000
G002162925	G000764205	0.0907311	0	3734/100000
G002162925	G000764205	0.0907311	0	3734/100000
G002163065	G000092245	0.219527	0	86/100000
G002163065	G000284235	0.228648	0	66/100000
G002163065	G001655195	0.223786	0	76/100000
G002184635	G000069965	0.116588	0	1730/100000
G002184635	G001654855	0.128015	0	1236/100000
G002211645	G000007325	0.0720299	0	6600/100000
G002211645	G000158215	0.117341	0	1692/100000
G002211645	G000158275	0.00503726	0	76070/100000
G002211645	G001854465	0.0600665	0	9600/100000
G002211645	G000007325	0.0720299	0	6600/100000
G002211645	G000158215	0.117341	0	1692/100000
G002211645	G000158275	0.00503726	0	76070/100000
G002211645	G001854465	0.0600665	0	9600/100000
G002216665	G000697965	0.0117402	0	55212/100000
G002216665	G001695855	0.132868	0	1072/100000
G002216665	G000697965	0.0117402	0	55212/100000
G002281795	G000015565	0.182106	0	255/100000
G002281795	G000018665	0.170538	0	357/100000
G002281795	G000022305	0.151872	0	615/100000
G002281795	G000176855	0.176632	0	299/100000
G002281795	G000204195	0.137354	0	940/100000
G002281795	G000204645	0.144622	0	760/100000
G002281795	G000381265	0.174084	0	322/100000
G002281795	G000688255	0.185655	0	230/100000
G002281795	G000739995	0.154237	0	574/100000
G002281795	G001298675	0.161832	0	460/100000
G002281795	G001310795	0.155952	0	546/100000
G002281795	G001424265	0.168393	0	380/100000
G002281795	G001714725	0.126035	0	1310/100000
G002289125	G000006845	0.00411643	0	79771/100000
G002289125	G000008805	0.0393329	0	19020/100000
G002289125	G000173895	0.0763722	0	5774/100000
G002289125	G000186165	0.114944	0	1816/100000
G002289125	G000196295	0.0515139	0	12644/100000
G002289125	G000818035	0.127495	0	1255/100000
G002289125	G001063255	0.107137	0	2288/100000
G002289125	G000006845	0.00411643	0	79771/100000
G002289125	G000008805	0.0393329	0	19020/100000
G002289125	G000173895	0.0763722	0	5774/100000
G002289125	G000196295	0.0515139	0	12644/100000
G002289125	G001063255	0.107137	0	2288/100000
G002293055	G000754445	0.00351617	0	82325/100000
G002293055	G000754445	0.00351617	0	82325/100000
G002297745	G000238275	0.0678434	0	7516/100000
G002297745	G000238395	0.15165	0	619/100000
G002297745	G000814675	0.156015	0	545/100000
G002297745	G001465295	0.156843	0	532/100000
G002297745	G001596795	0.153121	0	593/100000
G002297745	G001661495	0.168303	0	381/100000
G002297745	G001924935	0.0684642	0	7372/100000
G002297745	G000238275	0.0678434	0	7516/100000
G002297745	G001924935	0.0684642	0	7372/100000
G002299865	G000717475	0.211363	0	109/100000
G002299865	G000934745	0.227116	0	69/100000
G002307795	G000007785	0.0172743	0	43467/100000
G002307795	G000415005	0.0163824	0	45120/100000
G002307795	G000415085	0.015318	0	47202/100000
G002307795	G000648015	0.0151894	0	47462/100000
G002307795	G000648175	0.0142741	0	49369/100000
G002307795	G000007785	0.0172743	0	43467/100000
G002307795	G000415005	0.0163824	0	45120/100000
G002307795	G000415085	0.015318	0	47202/100000
G002307795	G000648015	0.0151894	0	47462/100000
G002307795	G000648175	0.0142741	0	49369/100000
G002314325	G000423385	0.119301	0	1597/100000
G002316965	G001042405	0.0133134	0	51482/100000
G002316965	G001311725	0.0145304	0	48825/100000
G002316965	G001436775	0.0125597	0	53225/100000
G002316965	G001042405	0.0133134	0	51482/100000
G002316965	G001311725	0.0145304	0	48825/100000
G002316965	G001436775	0.0125597	0	53225/100000
G002319965	G000283495	0.148179	0	685/100000
G002319965	G000455225	0.0522127	0	12359/100000
G002319965	G000455225	0.0522127	0	12359/100000
G002322695	G000988325	0.032007	0	24631/100000
G002322695	G001808025	0.02092	0	37472/100000
G002322695	G001899705	0.0152126	0	47415/100000
G002322695	G001952815	0.0681177	0	7452/100000
G002322695	G000988325	0.032007	0	24631/100000
G002322695	G001808025	0.02092	0	37472/100000
G002322695	G001899705	0.0152126	0	47415/100000
G002322695	G001952815	0.0681177	0	7452/100000
G002323245	G001873795	0.000145921	0	99159/100000
G002323245	G001873795	0.000145921	0	99159/100000
G002330965	G000426385	0.0133918	0	51305/100000
G002330965	G001189535	0.10264	0	2615/100000
G002330965	G000426385	0.0133918	0	51305/100000
G002337185	G001051235	0.0106576	0	57994/100000
G002337185	G001051235	0.0106576	0	57994/100000
G002337725	G000300995	0.156778	0	533/100000
G002337725	G000756655	0.0147472	0	48371/100000
G002337725	G000756665	0.165533	0	413/100000
G002337725	G000756655	0.0147472	0	48371/100000
G002338985	G001586165	0.113574	0	1891/100000
G002338985	G001816025	0.0377428	0	20098/100000
G002338985	G001816025	0.0377428	0	20098/100000
G002339505	G000159635	0.170251	0	360/100000
G002339505	G000312345	0.15121	0	627/100000
G002339505	G000341345	0.184191	0	240/100000
G002339505	G000372085	0.173555	0	327/100000
G002339505	G000577555	0.16274	0	448/100000
G002339505	G000739455	0.174406	0	319/100000
G002339505	G000747315	0.17539	0	310/100000
G002339505	G000819445	0.181306	0	261/100000
G002339505	G001639025	0.17345	0	328/100000
G002342085	G000285555	0.141036	0	844/100000
G002342085	G000285595	0.1549	0	563/100000
G002342085	G000307285	0.038213	0	19772/100000
G002342085	G000505545	0.106814	0	2310/100000
G002342085	G000307285	0.038213	0	19772/100000
G002344155	G001567405	0.00863801	0	63721/100000
G002344155	G001567405	0.00863801	0	63721/100000
G002346355	G001438005	0.0110377	0	56996/100000
G002346355	G001438005	0.0110377	0	56996/100000
G002346835	G001438005	0.00909908	0	62347/100000
G002346835	G001438005	0.00909908	0	62347/100000
G002351115	G000702165	0.0179397	0	42285/100000
G002351115	G900108995	0.0170092	0	43950/100000
G002351115	G900112735	0.0149701	0	47910/100000
G002351115	G900114425	0.0149657	0	47919/100000
G002351115	G000702165	0.0179397	0	42285/100000
G002351115	G900108995	0.0170092	0	43950/100000
G002351115	G900112735	0.0149701	0	47910/100000
G002351115	G900114425	0.0149657	0	47919/100000
G002362815	G000144605	0.155889	0	547/100000
G002362815	G000204035	0.079519	0	5244/100000
G002362815	G000466985	0.161684	0	462/100000
G002362815	G000701445	0.160443	0	479/100000
G002362815	G000813765	0.148531	0	678/100000
G002362815	G001310255	0.145627	0	738/100000
G002362815	G001424025	0.150883	0	633/100000
G002362815	G001425945	0.149194	0	665/100000
G002362815	G001427825	0.151705	0	618/100000
G002362815	G000204035	0.079519	0	5244/100000
G002363295	G000312125	0.0210025	0	37349/100000
G002363295	G000312125	0.0210025	0	37349/100000
G002367055	G000758725	0.0250199	0	31930/100000
G002367055	G001012825	0.104382	0	2483/100000
G002367055	G000758725	0.0250199	0	31930/100000
G002367055	G001012825	0.104382	0	2483/100000
G002378905	G000187005	0.1371	0	947/100000
G002378905	G000309885	0.118628	0	1629/100000
G002378905	G000421625	0.110418	0	2076/100000
G002378905	G000423905	0.133381	0	1056/100000
G002378905	G000744885	0.124461	0	1372/100000
G002378905	G000745065	0.13107	0	1130/100000
G002378905	G000771745	0.129164	0	1195/100000
G002378905	G001399775	0.114573	0	1836/100000
G002378905	G001880325	0.116903	0	1714/100000
G002378905	G000091545	0.00121278	0	93319/100000
G002378905	G000421625	0.110418	0	2076/100000
G002378905	G001399775	0.114573	0	1836/100000
G002378915	G000156295	0.0128489	0	52547/100000
G002378915	G000156295	0.0128489	0	52547/100000
G002379545	G001586165	0.111426	0	2015/100000
G002379545	G001816025	0.0369154	0	20687/100000
G002379545	G001816025	0.0369154	0	20687/100000
G002380295	G000744735	0.00512326	0	75737/100000
G002380295	G000744735	0.00512326	0	75737/100000
G002380595	G000025125	0.000228983	0	98685/100000
G002380595	G000737945	0.128852	0	1206/100000
G002380595	G000025125	0.000228983	0	98685/100000
G002380595	G000737945	0.128852	0	1206/100000
G002381195	G000368625	0.0200327	0	38828/100000
G002381195	G000369105	0.126191	0	1304/100000
G002381195	G000369145	0.113289	0	1907/100000
G002381195	G000488255	0.132646	0	1079/100000
G002381195	G000964095	0.134132	0	1033/100000
G002381195	G001647675	0.140433	0	859/100000
G002381195	G001878775	0.11487	0	1820/100000
G002381195	G000368625	0.0200327	0	38828/100000
G002384255	G000196275	0.0111898	0	56603/100000
G002384255	G000381345	0.175836	0	306/100000
G002384255	G000482805	0.160372	0	480/100000
G002384255	G000599865	0.124141	0	1385/100000
G002384255	G000745175	0.148733	0	674/100000
G002384255	G000196275	0.0111898	0	56603/100000
G002384855	G000015265	0.186718	0	223/100000
G002384855	G001423135	0.182241	0	254/100000
G002384855	G001424755	0.180395	0	268/100000
G002386555	G000026405	0.167238	0	393/100000
G002386555	G001698145	0.020489	0	38123/100000
G002386555	G001698145	0.020489	0	38123/100000
G002388025	G000304335	0.196058	0	170/100000
G002388025	G000956465	0.197086	0	165/100000
G002388025	G000956575	0.195456	0	173/100000
G002388025	G001314225	0.166803	0	398/100000
G002388025	G001427525	0.200138	0	151/100000
G002388025	G001428485	0.194669	0	177/100000
G002388375	G000008465	0.132614	0	1080/100000
G002388375	G000320945	0.143997	0	774/100000
G002388375	G000401175	0.132614	0	1080/100000
G002388375	G001294685	0.119068	0	1608/100000
G002388375	G001294745	0.0253101	0	31578/100000
G002388375	G900116625	0.118984	0	1612/100000
G002388375	G001294745	0.0253101	0	31578/100000
G002395615	G000283495	0.167944	0	385/100000
G002396545	G000012425	0.193147	0	185/100000
G002396545	G000429605	0.188622	0	211/100000
G002396545	G000519045	0.185805	0	229/100000
G002405315	G000145255	0.196878	0	166/100000
G002415925	G000226215	0.153005	0	595/100000
G002415925	G000349585	0.137646	0	932/100000
G002415925	G001630765	0.135412	0	995/100000
G002418725	G001829965	0.145166	0	748/100000
G002418725	G001830015	0.145121	0	749/100000
G002418725	G001830045	0.144848	0	755/100000
G002418725	G001830065	0.145212	0	747/100000
G002418725	G001830095	0.145166	0	748/100000
G002418725	G001830165	0.145166	0	748/100000
G002418725	G001830865	0.145121	0	749/100000
G002418725	G001830905	0.145121	0	749/100000
G002418725	G001830945	0.145304	0	745/100000
G002418725	G001830975	0.145442	0	742/100000
G002422695	G000012965	0.192229	0	190/100000
G002422695	G001829655	0.192777	0	187/100000
G002422695	G001829695	0.208339	0	119/100000
G002422695	G001829705	0.190122	0	202/100000
G002422695	G001829715	0.189447	0	206/100000
G002422695	G001829785	0.204769	0	132/100000
G002422695	G001830805	0.204769	0	132/100000
G002426345	G001768395	0.123677	0	1404/100000
G002431625	G000009025	0.106164	0	2355/100000
G002431625	G000011905	0.0649384	0	8231/100000
G002431625	G000016705	0.105979	0	2368/100000
G002431625	G000025025	0.0187544	0	40894/100000
G002431625	G000025585	0.105922	0	2372/100000
G002431625	G000341655	0.107255	0	2280/100000
G002431625	G000341695	0.105178	0	2425/100000
G002431625	G000499365	0.00722868	0	68192/100000
G002431625	G000741845	0.0872987	0	4141/100000
G002431625	G000830885	0.105317	0	2415/100000
G002431625	G000830905	0.0634698	0	8620/100000
G002431625	G000830925	0.00361139	0	81912/100000
G002431625	G001010485	0.0123029	0	53837/100000
G002431625	G001459095	0.0663819	0	7867/100000
G002431625	G001460955	0.101966	0	2668/100000
G002431625	G001515295	0.107284	0	2278/100000
G002431625	G001547795	0.105681	0	2389/100000
G002431625	G001610775	0.105611	0	2394/100000
G002431625	G001678035	0.107299	0	2277/100000
G002431625	G001678055	0.0646495	0	8306/100000
G002431625	G001761445	0.0974583	0	3052/100000
G002431625	G001889305	0.00569805	0	73564/100000
G002431625	G002007825	0.062807	0	8802/100000
G002431625	G002007845	0.106843	0	2308/100000
G002431625	G002007865	0.106553	0	2328/100000
G002431625	G002007905	0.062071	0	9009/100000
G002431625	G002021775	0.105039	0	2435/100000
G002431625	G000009025	0.106164	0	2355/100000
G002431625	G000011905	0.0649384	0	8231/100000
G002431625	G000016705	0.105979	0	2368/100000
G002431625	G000025025	0.0187544	0	40894/100000
G002431625	G000025585	0.105922	0	2372/100000
G002431625	G000341655	0.107255	0	2280/100000
G002431625	G000341695	0.105178	0	2425/100000
G002431625	G000499365	0.00722868	0	68192/100000
G002431625	G000741845	0.0872987	0	4141/100000
G002431625	G000830885	0.105317	0	2415/100000
G002431625	G000830905	0.0634698	0	8620/100000
G002431625	G000830925	0.00361139	0	81912/100000
G002431625	G001010485	0.0123029	0	53837/100000
G002431625	G001459095	0.0663819	0	7867/100000
G002431625	G001460955	0.101966	0	2668/100000
G002431625	G001515295	0.107284	0	2278/100000
G002431625	G001547795	0.105681	0	2389/100000
G002431625	G001610775	0.105611	0	2394/100000
G002431625	G001678035	0.107299	0	2277/100000
G002431625	G001678055	0.0646495	0	8306/100000
G002431625	G001761445	0.0974583	0	3052/100000
G002431625	G001889305	0.00569805	0	73564/100000
G002431625	G002007825	0.062807	0	8802/100000
G002431625	G002007845	0.106843	0	2308/100000
G002431625	G002007865	0.106553	0	2328/100000
G002431625	G002007905	0.062071	0	9009/100000
G002431625	G002021775	0.105039	0	2435/100000
G002431805	G000236865	0.144802	0	756/100000
G002433005	G000160455	0.0362506	0	21175/100000
G002433005	G900107215	0.0325768	0	24130/100000
G002433005	G900129645	0.122441	0	1456/100000
G002433005	G000160455	0.0362506	0	21175/100000
G002433005	G900107215	0.0325768	0	24130/100000
G002434125	G000335815	0.174731	0	316/100000
G002434125	G000382345	0.121634	0	1491/100000
G002434125	G000383895	0.175612	0	308/100000
G002434125	G000745265	0.145166	0	748/100000
G002434125	G001412595	0.139646	0	879/100000
G002434125	G001424165	0.140077	0	868/100000
G002434125	G001866515	0.0229839	0	34543/100000
G002434125	G001941825	0.159734	0	489/100000
G002434125	G900114705	0.167325	0	392/100000
G002434125	G001866515	0.0229839	0	34543/100000
G002435425	G000241265	0.163751	0	435/100000
G002435955	G000012885	0.191159	0	196/100000
G002440555	G001543285	0.0471929	0	14578/100000
G002440555	G001543285	0.0471929	0	14578/100000
G002454495	G000190755	0.0351448	0	22017/100000
G002454495	G000190755	0.0351448	0	22017/100000
G002456955	G000227505	0.231363	0	61/100000
G002473345	G000420325	0.0168313	0	44278/100000
G002473345	G000420325	0.0168313	0	44278/100000
G002476965	G000314575	0.0131729	0	51801/100000
G002476965	G001606005	0.165284	0	416/100000
G002476965	G001729525	0.175612	0	308/100000
G002476965	G000314575	0.0131729	0	51801/100000
G002476985	G000312105	0.163203	0	442/100000
G002476985	G000471045	0.160949	0	472/100000
G002476985	G001423365	0.16646	0	402/100000
G002476985	G001426485	0.16689	0	397/100000
G002476985	G001426755	0.172215	0	340/100000
G002476985	G001428805	0.173241	0	330/100000
G002479615	G000426385	0.0150584	0	47729/100000
G002479615	G001189535	0.101368	0	2716/100000
G002479615	G000426385	0.0150584	0	47729/100000
G002482225	G000179395	0.0158387	0	46168/100000
G002482225	G000213935	0.139375	0	886/100000
G002482225	G000418365	0.116686	0	1725/100000
G002482225	G000626675	0.178889	0	280/100000
G002482225	G000179395	0.0158387	0	46168/100000
G002492145	G000205025	0.0274092	0	29169/100000
G002492145	G000431455	0.0296624	0	26829/100000
G002492145	G000434815	0.0573298	0	10476/100000
G002492145	G000980495	0.0558269	0	10994/100000
G002492145	G000205025	0.0274092	0	29169/100000
G002492145	G000431455	0.0296624	0	26829/100000
G002492145	G000434815	0.0573298	0	10476/100000
G002492145	G000980495	0.0558269	0	10994/100000
G002492685	G000020225	0.051268	0	12746/100000
G002492685	G000436395	0.0425917	0	17013/100000
G002492685	G000437075	0.105289	0	2417/100000
G002492685	G000723745	0.0518574	0	12503/100000
G002492685	G000980515	0.0468239	0	14758/100000
G002492685	G001578645	0.148683	0	675/100000
G002492685	G001580195	0.148683	0	675/100000
G002492685	G001647615	0.148683	0	675/100000
G002492685	G001917295	0.0452201	0	15570/100000
G002492685	G001940945	0.0444832	0	15960/100000
G002492685	G000020225	0.051268	0	12746/100000
G002492685	G000436395	0.0425917	0	17013/100000
G002492685	G000437075	0.105289	0	2417/100000
G002492685	G000723745	0.0518574	0	12503/100000
G002492685	G000980515	0.0468239	0	14758/100000
G002492685	G001917295	0.0452201	0	15570/100000
G002492685	G001940945	0.0444832	0	15960/100000
G002500165	G000248055	0.0253333	0	31550/100000
G002500165	G000332975	0.107477	0	2265/100000
G002500165	G000248055	0.0253333	0	31550/100000
G002500165	G000332975	0.107477	0	2265/100000
G002696075	G001650905	0.101257	0	2725/100000
G002696075	G001650905	0.101257	0	2725/100000
G002706265	G000711245	0.146377	0	722/100000
G002707985	G000935025	0.1939	0	181/100000
G002729955	G000215955	0.114481	0	1841/100000
G002733565	G000276805	0.116373	0	1741/100000
G002733565	G000953735	0.108414	0	2203/100000
G002733565	G000276805	0.116373	0	1741/100000
G002733565	G000953735	0.108414	0	2203/100000
G002779915	G001871315	0.00137249	0	92489/100000
G002779915	G001871315	0.00137249	0	92489/100000
G002792475	G001873715	0.00283293	0	85379/100000
G002792475	G001873715	0.00283293	0	85379/100000
G002813895	G000317655	0.12693	0	1276/100000
G002813895	G001747005	0.0294215	0	27068/100000
G002813895	G001747005	0.0294215	0	27068/100000
G002835445	G000235645	0.14848	0	679/100000
G002835445	G000332735	0.172114	0	341/100000
G002835445	G001456215	0.0160169	0	45821/100000
G002835445	G001456215	0.0160169	0	45821/100000
G002868985	G001751005	0.210736	0	111/100000
G002869945	G000023605	0.0810097	0	5011/100000
G002869945	G001049335	0.164956	0	420/100000
G002869945	G000023605	0.0810097	0	5011/100000
G002877975	G000517565	0.00892934	0	62848/100000
G002877975	G000517565	0.00892934	0	62848/100000
G002878035	G000021545	0.194475	0	178/100000
G002878035	G000173615	0.234931	0	55/100000
G002878035	G000619805	0.19506	0	175/100000
G002878065	G000183405	0.0841714	0	4552/100000
G002878065	G000183405	0.0841714	0	4552/100000
G002895405	G000718005	0.0056681	0	73675/100000
G002895405	G000718005	0.0056681	0	73675/100000
G002964685	G001854555	0.105359	0	2412/100000
G002964685	G001854605	0.105345	0	2413/100000
G002991565	G000072485	0.0644508	0	8358/100000
G002991565	G000661955	0.125315	0	1338/100000
G002991565	G000815185	0.147584	0	697/100000
G002991565	G001021935	0.151984	0	613/100000
G002991565	G001314305	0.133316	0	1058/100000
G002991565	G001431505	0.134699	0	1016/100000
G002991565	G001431535	0.124936	0	1353/100000
G002991565	G001431645	0.142995	0	797/100000
G002991565	G001499755	0.0906156	0	3747/100000
G002991565	G001700965	0.12736	0	1260/100000
G002991565	G000072485	0.0644508	0	8358/100000
G002991565	G001499755	0.0906156	0	3747/100000
G003013295	G000518285	0.150668	0	637/100000
G003013295	G000526855	0.038559	0	19536/100000
G003013295	G000526855	0.038559	0	19536/100000
G003123995	G000017705	0.119408	0	1592/100000
G003123995	G000196095	0.0155734	0	46691/100000
G003123995	G000354175	0.0883968	0	4006/100000
G003123995	G000493225	0.015896	0	46056/100000
G003123995	G000695055	0.0813921	0	4953/100000
G003123995	G001315205	0.0813921	0	4953/100000
G003123995	G001525595	0.0883637	0	4010/100000
G003123995	G000196095	0.0155734	0	46691/100000
G003123995	G000354175	0.0883968	0	4006/100000
G003123995	G000493225	0.015896	0	46056/100000
G003123995	G000695055	0.0813921	0	4953/100000
G003123995	G001315205	0.0813921	0	4953/100000
G003123995	G001525595	0.0883637	0	4010/100000
G003132105	G000224515	0.206099	0	127/100000
G003132105	G000960765	0.203995	0	135/100000
G003132105	G000961805	0.202743	0	140/100000
G003132105	G001516045	0.158359	0	509/100000
G003154895	G000746085	0.22662	0	70/100000
G003165815	G000747625	0.175949	0	305/100000
G003165815	G000816445	0.182241	0	254/100000
G003165815	G001412345	0.221591	0	81/100000
G003165815	G001683985	0.213649	0	102/100000
G003241005	G000023405	0.152547	0	603/100000
G003241005	G000225825	0.144397	0	765/100000
G003241005	G000233655	0.144938	0	753/100000
G003241005	G000338055	0.0232182	0	34229/100000
G003241005	G000576425	0.167589	0	389/100000
G003241005	G000338055	0.0232182	0	34229/100000
G003241225	G000146165	0.0793259	0	5275/100000
G003241225	G000178875	0.138764	0	902/100000
G003241225	G000519065	0.148581	0	677/100000
G003241225	G000712635	0.018487	0	41344/100000
G003241225	G001620325	0.139998	0	870/100000
G003241225	G000146165	0.0793259	0	5275/100000
G003241225	G000712635	0.018487	0	41344/100000
G003241485	G000092925	0.126479	0	1293/100000
G003241485	G000378025	0.132268	0	1091/100000
G003241485	G000702305	0.140874	0	848/100000
G003241485	G900100155	0.129193	0	1194/100000
G003241845	G000309385	0.14848	0	679/100000
G003241845	G000763385	0.152775	0	599/100000
G003242115	G001314865	0.223336	0	77/100000
G003242265	G000526435	0.0136365	0	50758/100000
G003242265	G000526435	0.0136365	0	50758/100000
G003242625	G000024985	0.00917353	0	62129/100000
G003242625	G000024985	0.00917353	0	62129/100000
G003246255	G000759715	0.179012	0	279/100000
G003248805	G000735605	0.164148	0	430/100000
G003248805	G000745475	0.134598	0	1019/100000
G003248805	G000800935	0.132582	0	1081/100000
G003248805	G001298265	0.136706	0	958/100000
G003248805	G001420315	0.137793	0	928/100000
G003248805	G001426225	0.1504	0	642/100000
G003248805	G001429395	0.138764	0	902/100000
G003248805	G001429505	0.147	0	709/100000
G003248915	G000214035	0.0964012	0	3150/100000
G003248915	G000372885	0.134464	0	1023/100000
G003248915	G000527135	0.0549341	0	11315/100000
G003248915	G000214035	0.0964012	0	3150/100000
G003248915	G000527135	0.0549341	0	11315/100000
G003249015	G000332215	0.171416	0	348/100000
G003249015	G001402795	0.177212	0	294/100000
G003249015	G001873375	0.119408	0	1592/100000
G003249035	G000332215	0.161021	0	471/100000
G003249035	G001402795	0.165038	0	419/100000
G003261315	G000317205	0.117121	0	1703/100000
G003261315	G000317245	0.068828	0	7289/100000
G003261315	G000934435	0.0344565	0	22561/100000
G003261315	G001275395	0.0814585	0	4943/100000
G003261315	G001548455	0.120868	0	1525/100000
G003261315	G001904645	0.121316	0	1505/100000
G003261315	G000315585	0.0294988	0	26991/100000
G003261315	G000317205	0.117121	0	1703/100000
G003261315	G000317225	0.122558	0	1451/100000
G003261315	G000317245	0.068828	0	7289/100000
G003261315	G000447295	0.0810622	0	5003/100000
G003261315	G000934435	0.0344565	0	22561/100000
G003261315	G001275395	0.0814585	0	4943/100000
G003261315	G001548455	0.120868	0	1525/100000
G003261315	G001904645	0.121316	0	1505/100000
G003370465	G000981765	0.141239	0	839/100000
G003447855	G000756795	0.183202	0	247/100000
G003447855	G001235865	0.136884	0	953/100000
G003448685	G000021805	0.186259	0	226/100000
G003450595	G000010285	0.0186036	0	41147/100000
G003450595	G000786195	0.182787	0	250/100000
G003450595	G000786655	0.102435	0	2631/100000
G003450595	G001408335	0.0871789	0	4156/100000
G003450595	G001482365	0.18014	0	270/100000
G003450595	G001580365	0.180267	0	269/100000
G003450595	G000010285	0.0186036	0	41147/100000
G003450595	G000786655	0.102435	0	2631/100000
G003450595	G001408335	0.0871789	0	4156/100000
G003452015	G001603805	0.0225348	0	35155/100000
G003452015	G001603805	0.0225348	0	35155/100000
G003454625	G000482485	0.220338	0	84/100000
G003476965	G000016565	0.16512	0	418/100000
G003476965	G000213805	0.179509	0	275/100000
G003476965	G000219605	0.141157	0	841/100000
G003476965	G000349845	0.175724	0	307/100000
G003476965	G000364625	0.17366	0	326/100000
G003476965	G000412695	0.184191	0	240/100000
G003476965	G000425625	0.160443	0	479/100000
G003476965	G000455385	0.179634	0	274/100000
G003476965	G000590475	0.162435	0	452/100000
G003476965	G000689415	0.18157	0	259/100000
G003476965	G000756775	0.139881	0	873/100000
G003476965	G000806415	0.167855	0	386/100000
G003476965	G001597285	0.173555	0	327/100000
G003476965	G001705225	0.0353161	0	21884/100000
G003476965	G900103375	0.152661	0	601/100000
G003476965	G900111835	0.17816	0	286/100000
G003476965	G001705225	0.0353161	0	21884/100000
G003497475	G000226215	0.154357	0	572/100000
G003497475	G000349585	0.146951	0	710/100000
G003497475	G001630765	0.116005	0	1760/100000
G003497475	G001630765	0.116005	0	1760/100000
G003499925	G000020725	0.182513	0	252/100000
G003506195	G000017865	0.00663316	0	70214/100000
G003506195	G001508115	0.00653167	0	70567/100000
G003506195	G000017865	0.00663316	0	70214/100000
G003506195	G001508115	0.00653167	0	70567/100000
G003506435	G001768535	0.000210005	0	98793/100000
G003506435	G001769245	0.000177568	0	98978/100000
G003506435	G001768205	0.000649229	0	96338/100000
G003506435	G001768535	0.000210005	0	98793/100000
G003506435	G001769245	0.000177568	0	98978/100000
G003507845	G000091565	0.154961	0	562/100000
G003507845	G000196615	0.168393	0	380/100000
G003507845	G000336255	0.17539	0	310/100000
G003507845	G000773975	0.174298	0	320/100000
G003507845	G001267535	0.174298	0	320/100000
G003507845	G001422605	0.157559	0	521/100000
G003507845	G001571305	0.0134608	0	51150/100000
G003507845	G001602545	0.137028	0	949/100000
G003507845	G001571305	0.0134608	0	51150/100000
G003512625	G000018565	0.00202453	0	89211/100000
G003512625	G001306135	0.114684	0	1830/100000
G003512625	G000018565	0.00202453	0	89211/100000
G003512625	G001306135	0.114684	0	1830/100000
G003516265	G000011965	0.00679536	0	69655/100000
G003516265	G000161775	0.168393	0	380/100000
G003516265	G900109035	0.173978	0	323/100000
G003516265	G000011965	0.00679536	0	69655/100000
G003516665	G000008565	0.00613724	0	71963/100000
G003516665	G000478785	0.102168	0	2652/100000
G003516665	G000599865	0.184769	0	236/100000
G003516665	G000800395	0.186259	0	226/100000
G003516665	G000008565	0.00613724	0	71963/100000
G003516665	G000478785	0.102168	0	2652/100000
G003518825	G000021565	0.0007288	0	95903/100000
G003518825	G000021565	0.0007288	0	95903/100000
G003522405	G000314575	0.178889	0	280/100000
G003522405	G001606005	0.165367	0	415/100000
G003522405	G001729525	0.0741979	0	6173/100000
G003522405	G001729525	0.0741979	0	6173/100000
G003524165	G000296465	0.0176035	0	42877/100000
G003524165	G000296465	0.0176035	0	42877/100000
G003524365	G000263355	0.162817	0	447/100000
G003524365	G000953825	0.155268	0	557/100000
G003524365	G001183545	0.184335	0	239/100000
G003525145	G000172635	0.022513	0	35185/100000
G003525145	G001562295	0.102705	0	2610/100000
G003525145	G001562315	0.102194	0	2650/100000
G003525145	G001626315	0.0642346	0	8415/100000
G003525145	G001886395	0.121543	0	1495/100000
G003525145	G001886435	0.121361	0	1503/100000
G003525145	G001924945	0.0234894	0	33870/100000
G003525145	G000172635	0.022513	0	35185/100000
G003525145	G001626115	0.0657308	0	8029/100000
G003525145	G001626275	0.0647724	0	8274/100000
G003525145	G001626315	0.0642346	0	8415/100000
G003525145	G001924945	0.0234894	0	33870/100000
G003525965	G000147715	0.136245	0	971/100000
G003526905	G000300005	0.170635	0	356/100000
G003526905	G000300995	0.183905	0	242/100000
G003526905	G000756655	0.198797	0	157/100000
G003533385	G000725405	0.0198303	0	39146/100000
G003533385	G001021715	0.115603	0	1781/100000
G003533385	G000725405	0.0198303	0	39146/100000
G003537455	G000620985	0.0101258	0	59431/100000
G003537455	G000620985	0.0101258	0	59431/100000
G003542165	G900129565	0.195655	0	172/100000
G003542385	G000023225	0.153645	0	584/100000
G003542385	G000428825	0.0651676	0	8172/100000
G003542385	G000428825	0.0651676	0	8172/100000
G003542495	G001801305	0.00625476	0	71543/100000
G003542495	G001801315	0.133348	0	1057/100000
G003542495	G001801305	0.00625476	0	71543/100000
G003543295	G000010305	0.00102296	0	94320/100000
G003543295	G000010305	0.00102296	0	94320/100000
G003556955	G000009705	0.212324	0	106/100000
G003556955	G000020025	0.214331	0	100/100000
G003556955	G000204075	0.215738	0	96/100000
G003556955	G000300115	0.216098	0	95/100000
G003556955	G000316575	0.209517	0	115/100000
G003556955	G000316625	0.210428	0	112/100000
G003556955	G000316645	0.202254	0	142/100000
G003556955	G000317535	0.205295	0	130/100000
G003556955	G000332135	0.207482	0	122/100000
G003556955	G000340565	0.0972288	0	3073/100000
G003556955	G001298445	0.212001	0	107/100000
G003556955	G001672205	0.215738	0	96/100000
G003556955	G001858025	0.206371	0	126/100000
G003556955	G000340565	0.0972288	0	3073/100000
G003577215	G000949635	0.00151314	0	91767/100000
G003577215	G000949635	0.00151314	0	91767/100000
G003609755	G000710505	0.00802368	0	65618/100000
G003609755	G001873365	0.0833349	0	4669/100000
G003609755	G900009135	0.0751218	0	6000/100000
G003609755	G900010725	0.122231	0	1465/100000
G003609755	G000710505	0.00802368	0	65618/100000
G003609755	G001873365	0.0833349	0	4669/100000
G003609755	G900009135	0.0751218	0	6000/100000
G003609755	G900010725	0.122231	0	1465/100000
G003612255	G000012685	0.150614	0	638/100000
G003612255	G000219105	0.146047	0	729/100000
G003612255	G000255295	0.0442975	0	16060/100000
G003612255	G000331735	0.153586	0	585/100000
G003612255	G001027285	0.17539	0	310/100000
G003612255	G000255295	0.0442975	0	16060/100000
G003931975	G000021485	0.00399532	0	80277/100000
G003931975	G000214095	0.119751	0	1576/100000
G003931975	G001308895	0.00196197	0	89518/100000
G003931975	G001418795	0.00196807	0	89488/100000
G003931975	G001559335	0.00199331	0	89364/100000
G003931975	G001857665	0.122441	0	1456/100000
G003931975	G000021485	0.00399532	0	80277/100000
G003931975	G000179815	0.00809365	0	65398/100000
G003931975	G000214095	0.119751	0	1576/100000
G003931975	G001308895	0.00196197	0	89518/100000
G003931975	G001418795	0.00196807	0	89488/100000
G003931975	G001559335	0.00199331	0	89364/100000
G003963195	G000011365	0.200138	0	151/100000
G003963195	G000218565	0.138349	0	913/100000
G003963195	G000284375	0.204769	0	132/100000
G003963195	G000314675	0.185506	0	231/100000
G003963195	G000314735	0.108876	0	2173/100000
G003963195	G000336555	0.179634	0	274/100000
G003963195	G001425835	0.175059	0	313/100000
G003963195	G001641695	0.203995	0	135/100000
G003963195	G900104755	0.201773	0	144/100000
G003963195	G000314735	0.108876	0	2173/100000
G003978805	G000185805	0.235563	0	54/100000
G003987855	G000143145	0.190464	0	200/100000
G003987855	G000253295	0.166717	0	399/100000
G003987855	G000384335	0.183063	0	248/100000
G004001285	G000520555	0.172519	0	337/100000
G004001285	G000816565	0.126638	0	1287/100000
G004018905	G000185905	0.141939	0	822/100000
G004018905	G000568555	0.164228	0	429/100000
G004018905	G000824785	0.111426	0	2015/100000
G004018905	G000824825	0.0972942	0	3067/100000
G004018905	G001672375	0.147682	0	695/100000
G004018905	G001676765	0.137499	0	936/100000
G004018905	G001686985	0.129508	0	1183/100000
G004018905	G001705425	0.165783	0	410/100000
G004018905	G000824785	0.111426	0	2015/100000
G004018905	G000824825	0.0972942	0	3067/100000
G004211705	G000454045	0.124911	0	1354/100000
G004213565	G000737325	0.2337	0	57/100000
G004297125	G000017265	0.153528	0	586/100000
G004297125	G001425305	0.177564	0	291/100000
G004299665	G000716715	0.255823	1.78707e-216	30/100000
G004299665	G900129455	0.198145	0	160/100000
G004331935	G000027165	0.0658742	0	7993/100000
G004331935	G000187465	0.125673	0	1324/100000
G004331935	G000344275	0.099366	0	2883/100000
G004331935	G000027165	0.0658742	0	7993/100000
G004331935	G000344275	0.099366	0	2883/100000
G004768435	G000316515	0.212001	0	107/100000
G004769145	G000215105	0.167325	0	392/100000
G004769145	G000526595	0.1494	0	661/100000
G004769145	G000718325	0.00142315	0	92228/100000
G004769145	G000718325	0.00142315	0	92228/100000
G004799405	G000011365	0.17539	0	310/100000
G004799405	G000013365	0.172724	0	335/100000
G004799405	G000013745	0.173345	0	329/100000
G004799405	G000014825	0.176632	0	299/100000
G004799405	G000284375	0.181174	0	262/100000
G004799405	G000344805	0.17926	0	277/100000
G004799405	G000472425	0.181043	0	263/100000
G004799405	G000701345	0.14843	0	680/100000
G004799405	G000935205	0.172519	0	337/100000
G004799405	G000938285	0.178401	0	284/100000
G004799405	G000938305	0.165951	0	408/100000
G004799405	G001295845	0.183622	0	244/100000
G004799405	G001440405	0.163515	0	438/100000
G004799405	G001641695	0.176403	0	301/100000
G004799405	G001693385	0.166717	0	399/100000
G004799405	G001908185	0.178523	0	283/100000
G004799405	G900011245	0.176978	0	296/100000
G004799405	G900104755	0.153469	0	587/100000
G004799405	G900108575	0.19169	0	193/100000
G004962545	G000185905	0.129768	0	1174/100000
G004962545	G000236565	0.170251	0	360/100000
G004962545	G000824785	0.142064	0	819/100000
G004962545	G000824825	0.141157	0	841/100000
G004962545	G001672375	0.0854353	0	4381/100000
G004962545	G001676765	0.132425	0	1086/100000
G004962545	G001686985	0.122093	0	1471/100000
G004962545	G001672375	0.0854353	0	4381/100000
G004962545	G001686985	0.122093	0	1471/100000
G005778985	G000093025	0.239623	0	48/100000
G005862225	G000020645	0.177801	0	289/100000
G005862225	G000168715	0.204769	0	132/100000
G005862225	G001975465	0.199685	0	153/100000
G006218125	G000011065	0.0164472	0	44997/100000
G006218125	G000433375	0.0848229	0	4463/100000
G006218125	G000437995	0.0175047	0	43053/100000
G006218125	G001314975	0.0174974	0	43066/100000
G006218125	G000011065	0.0164472	0	44997/100000
G006218125	G000433375	0.0848229	0	4463/100000
G006218125	G000437995	0.0175047	0	43053/100000
G006218125	G001314975	0.0174974	0	43066/100000
G006514895	G000746085	0.216831	0	93/100000
G006519765	G000012685	0.0261152	0	30626/100000
G006519765	G000219105	0.0692052	0	7204/100000
G006519765	G000255295	0.150187	0	646/100000
G006519765	G000331735	0.139375	0	886/100000
G006519765	G001027285	0.173137	0	331/100000
G006519765	G000012685	0.0261152	0	30626/100000
G006519765	G000219105	0.0692052	0	7204/100000
G006777585	G000648615	0.0465464	0	14895/100000
G006777585	G000648615	0.0465464	0	14895/100000
G007095915	G000010625	0.0366012	0	20916/100000
G007095915	G000297435	0.046474	0	14931/100000
G007095915	G000312265	0.0361473	0	21252/100000
G007095915	G000312725	0.0433404	0	16587/100000
G007095915	G000330925	0.045819	0	15261/100000
G007095915	G000332585	0.0466332	0	14852/100000
G007095915	G000599945	0.0433048	0	16607/100000
G007095915	G000787675	0.0429388	0	16814/100000
G007095915	G000981785	0.0451703	0	15596/100000
G007095915	G001264245	0.0422254	0	17226/100000
G007095915	G001578075	0.0360445	0	21329/100000
G007095915	G001704955	0.0451168	0	15624/100000
G007095915	G001706385	0.0457231	0	15310/100000
G007095915	G001725075	0.0462698	0	15033/100000
G007095915	G001885655	0.0453758	0	15489/100000
G007095915	G000010625	0.0366012	0	20916/100000
G007095915	G000297435	0.046474	0	14931/100000
G007095915	G000307995	0.0440838	0	16176/100000
G007095915	G000312165	0.0389025	0	19305/100000
G007095915	G000312185	0.0441573	0	16136/100000
G007095915	G000312205	0.0440893	0	16173/100000
G007095915	G000312245	0.0452527	0	15553/100000
G007095915	G000312265	0.0361473	0	21252/100000
G007095915	G000312285	0.043444	0	16529/100000
G007095915	G000312725	0.0433404	0	16587/100000
G007095915	G000330925	0.045819	0	15261/100000
G007095915	G000332585	0.0466332	0	14852/100000
G007095915	G000599945	0.0433048	0	16607/100000
G007095915	G000787675	0.0429388	0	16814/100000
G007095915	G000981785	0.0451703	0	15596/100000
G007095915	G001264245	0.0422254	0	17226/100000
G007095915	G001578075	0.0360445	0	21329/100000
G007095915	G001704955	0.0451168	0	15624/100000
G007095915	G001706385	0.0457231	0	15310/100000
G007095915	G001725075	0.0462698	0	15033/100000
G007095915	G001885655	0.0453758	0	15489/100000
G007116035	G000227685	0.176747	0	298/100000
G007116035	G000321415	0.172013	0	342/100000
G007122985	G000969705	0.216463	0	94/100000
G007130245	G000145235	0.209219	0	116/100000
G007130245	G000716715	0.231363	0	61/100000
G007130245	G000717135	0.239623	0	48/100000
G007130245	G000876225	0.212651	0	105/100000
G007692755	G000009705	0.203238	0	138/100000
G007692755	G000020025	0.198578	0	158/100000
G007692755	G000300115	0.216098	0	95/100000
G007692755	G000316575	0.200829	0	148/100000
G007692755	G000316625	0.206099	0	127/100000
G007692755	G000316645	0.203488	0	137/100000
G007692755	G000317535	0.192777	0	187/100000
G007692755	G000340565	0.0885212	0	3991/100000
G007692755	G001858025	0.196261	0	169/100000
G007692755	G000340565	0.0885212	0	3991/100000
G007693435	G000429045	0.185357	0	232/100000
G007693465	G001314905	0.0950501	0	3280/100000
G007693465	G001314905	0.0950501	0	3280/100000
G007693955	G000332035	0.225174	0	73/100000
G007713545	G000310145	0.184479	0	238/100000
G007713545	G000310185	0.169124	0	372/100000
G007713545	G001051995	0.171317	0	349/100000
G007713545	G001682385	0.173241	0	330/100000
G007859155	G000092785	0.00409169	0	79874/100000
G007859155	G001618265	0.0043229	0	78919/100000
G007859155	G000092785	0.00409169	0	79874/100000
G007859155	G001618265	0.0043229	0	78919/100000
G008015085	G000023065	0.152833	0	598/100000
G008015635	G000175095	0.20863	0	118/100000
G008015635	G000219585	0.205295	0	130/100000
G008015635	G001455205	0.204769	0	132/100000
G008015635	G001464045	0.220338	0	84/100000
G008015635	G900105875	0.204769	0	132/100000
G008015635	G900111055	0.209517	0	115/100000
G008269695	G000027145	0.112483	0	1953/100000
G008269695	G000196035	0.00933146	0	61670/100000
G008269695	G000567965	0.0097888	0	60367/100000
G008269695	G000619785	0.0401425	0	18497/100000
G008269695	G000620885	0.00927933	0	61821/100000
G008269695	G000620905	0.00979343	0	60354/100000
G008269695	G000960735	0.0769823	0	5667/100000
G008269695	G000972995	0.00922187	0	61988/100000
G008269695	G000973005	0.00927657	0	61829/100000
G008269695	G001463995	0.00938898	0	61504/100000
G008269695	G001564695	0.00938447	0	61517/100000
G008269695	G001564995	0.0103449	0	58833/100000
G008269695	G000183885	0.0772309	0	5624/100000
G008269695	G000196035	0.00933146	0	61670/100000
G008269695	G000567965	0.0097888	0	60367/100000
G008269695	G000619785	0.0401425	0	18497/100000
G008269695	G000620885	0.00927933	0	61821/100000
G008269695	G000620905	0.00979343	0	60354/100000
G008269695	G000960735	0.0769823	0	5667/100000
G008269695	G000972995	0.00922187	0	61988/100000
G008269695	G000973005	0.00927657	0	61829/100000
G008269695	G001463995	0.00938898	0	61504/100000
G008269695	G001564695	0.00938447	0	61517/100000
G008269695	G001564995	0.0103449	0	58833/100000
G008661855	G000420065	0.140633	0	854/100000
G008661855	G000508625	0.102666	0	2613/100000
G008661855	G001553285	0.139452	0	884/100000
G008661855	G900106855	0.138575	0	907/100000
G008661855	G900120415	0.018743	0	40913/100000
G008661855	G900120415	0.018743	0	40913/100000
G008673975	G000007525	0.0113902	0	56091/100000
G008673975	G000165905	0.14652	0	719/100000
G008673975	G000741165	0.162817	0	447/100000
G008673975	G000741175	0.15056	0	639/100000
G008673975	G000741695	0.132868	0	1072/100000
G008673975	G000741715	0.133771	0	1044/100000
G008673975	G000741785	0.1504	0	642/100000
G008673975	G001025175	0.0867281	0	4213/100000
G008673975	G001042635	0.146663	0	716/100000
G008673975	G001417815	0.15289	0	597/100000
G008673975	G000007525	0.0113902	0	56091/100000
G008673975	G001025175	0.0867281	0	4213/100000
G008933815	G000243335	0.0281928	0	28328/100000
G008933815	G002009735	0.0281398	0	28384/100000
G008933815	G000243335	0.0281928	0	28328/100000
G008933815	G002009735	0.0281398	0	28384/100000
G008978205	G000191145	0.0861367	0	4289/100000
G008978205	G000746645	0.0598868	0	9655/100000
G008978205	G001713665	0.0859293	0	4316/100000
G008978205	G000191145	0.0861367	0	4289/100000
G008978205	G000746645	0.0598868	0	9655/100000
G008978205	G001713665	0.0859293	0	4316/100000
G009360455	G000426465	0.019339	0	39932/100000
G009360455	G000735105	0.163203	0	442/100000
G009360455	G000735135	0.168123	0	383/100000
G009360455	G000426465	0.019339	0	39932/100000
G009377645	G000145235	0.204769	0	132/100000
G009377645	G000204155	0.215027	0	98/100000
G009377645	G000237145	0.229708	0	64/100000
G009377645	G000389965	0.2337	0	57/100000
G009377645	G000716715	0.231932	0	60/100000
G009377645	G000716755	0.252538	2.95628e-233	33/100000
G009377645	G000717135	0.234931	0	55/100000
G009377645	G000720965	0.221591	0	81/100000
G009377645	G000876225	0.208339	0	119/100000
G009377645	G900109115	0.210736	0	111/100000
G009691185	G000294575	0.167677	0	388/100000
G009691185	G000378865	0.151816	0	616/100000
G009691185	G000378905	0.170442	0	358/100000
G009691185	G000378925	0.174084	0	322/100000
G009691185	G000383815	0.161907	0	459/100000
G009691185	G000754505	0.133935	0	1039/100000
G009691185	G001437755	0.180267	0	269/100000
G009691185	G001437855	0.183764	0	243/100000
G009691185	G001437905	0.182241	0	254/100000
G009691185	G001438395	0.178889	0	280/100000
G009691185	G001439225	0.177564	0	291/100000
G009775485	G001689425	0.0123735	0	53668/100000
G009775485	G001689425	0.0123735	0	53668/100000
G009780955	G001263205	0.256992	1.157e-204	29/100000
G009785395	G000025265	0.236207	0	53/100000
G009797425	G000021885	0.0252463	0	31655/100000
G009797425	G000172375	0.0298496	0	26645/100000
G009797425	G000444545	0.0238028	0	33461/100000
G009797425	G000444565	0.0175787	0	42921/100000
G009797425	G000444605	0.0105343	0	58323/100000
G009797425	G000444645	0.018404	0	41485/100000
G009797425	G000444685	0.0206884	0	37820/100000
G009797425	G000444705	0.0182646	0	41723/100000
G009797425	G000688835	0.0100047	0	59765/100000
G009797425	G001611775	0.00978844	0	60368/100000
G009797425	G001938355	0.00951866	0	61132/100000
G009797425	G002015085	0.00996359	0	59879/100000
G009797425	G000021885	0.0252463	0	31655/100000
G009797425	G000172375	0.0298496	0	26645/100000
G009797425	G000444545	0.0238028	0	33461/100000
G009797425	G000444565	0.0175787	0	42921/100000
G009797425	G000444605	0.0105343	0	58323/100000
G009797425	G000444645	0.018404	0	41485/100000
G009797425	G000444685	0.0206884	0	37820/100000
G009797425	G000444705	0.0182646	0	41723/100000
G009797425	G000688835	0.0100047	0	59765/100000
G009797425	G001611775	0.00978844	0	60368/100000
G009797425	G001938355	0.00951866	0	61132/100000
G009797425	G002015085	0.00996359	0	59879/100000
G009881125	G900103005	0.167238	0	393/100000
G009914615	G001040945	0.118586	0	1631/100000
G009914615	G001189955	0.111797	0	1993/100000
G009914615	G001189965	0.1504	0	642/100000
G009914615	G001267925	0.150721	0	636/100000
G009914615	G001571165	0.111814	0	1992/100000
G009914615	G001040945	0.118586	0	1631/100000
G009914615	G001189955	0.111797	0	1993/100000
G009914615	G001571165	0.111814	0	1992/100000
G009918485	G002006815	0.0389234	0	19291/100000
G009918485	G002006815	0.0389234	0	19291/100000
G009996405	G000010625	0.0352928	0	21902/100000
G009996405	G000297435	0.0460138	0	15162/100000
G009996405	G000312265	0.0351473	0	22015/100000
G009996405	G000312725	0.044316	0	16050/100000
G009996405	G000330925	0.0468993	0	14721/100000
G009996405	G000332585	0.0477942	0	14290/100000
G009996405	G000599945	0.0444925	0	15955/100000
G009996405	G000787675	0.0427289	0	16934/100000
G009996405	G000981785	0.0461405	0	15098/100000
G009996405	G001264245	0.0414633	0	17679/100000
G009996405	G001578075	0.0354003	0	21819/100000
G009996405	G001704955	0.0461286	0	15104/100000
G009996405	G001706385	0.0472756	0	14538/100000
G009996405	G001725075	0.0473337	0	14510/100000
G009996405	G001885655	0.0471867	0	14581/100000
G009996405	G000010625	0.0352928	0	21902/100000
G009996405	G000297435	0.0460138	0	15162/100000
G009996405	G000307995	0.0458936	0	15223/100000
G009996405	G000312165	0.0377671	0	20081/100000
G009996405	G000312185	0.0444181	0	15995/100000
G009996405	G000312205	0.0450273	0	15671/100000
G009996405	G000312245	0.047195	0	14577/100000
G009996405	G000312265	0.0351473	0	22015/100000
G009996405	G000312285	0.0436905	0	16392/100000
G009996405	G000312725	0.044316	0	16050/100000
G009996405	G000330925	0.0468993	0	14721/100000
G009996405	G000332585	0.0477942	0	14290/100000
G009996405	G000599945	0.0444925	0	15955/100000
G009996405	G000787675	0.0427289	0	16934/100000
G009996405	G000981785	0.0461405	0	15098/100000
G009996405	G001264245	0.0414633	0	17679/100000
G009996405	G001578075	0.0354003	0	21819/100000
G009996405	G001704955	0.0461286	0	15104/100000
G009996405	G001706385	0.0472756	0	14538/100000
G009996405	G001725075	0.0473337	0	14510/100000
G009996405	G001885655	0.0471867	0	14581/100000
G010031595	G002006815	0.036299	0	21139/100000
G010031595	G002006815	0.036299	0	21139/100000
G010436015	G000735045	0.183202	0	247/100000
G011049455	G000717475	0.189447	0	206/100000
G011049455	G000934745	0.217204	0	92/100000
G011055635	G000153465	0.16894	0	374/100000
G011321975	G001566965	0.000868375	0	95147/100000
G011321975	G001566965	0.000868375	0	95147/100000
G011330655	G000183745	0.0928754	0	3501/100000
G011330655	G000183745	0.0928754	0	3501/100000
G011391255	G000012425	0.19081	0	198/100000
G011391255	G000429605	0.198578	0	158/100000
G011391255	G000519045	0.201063	0	147/100000
G011525665	G000949635	0.141897	0	823/100000
G011525845	G000522985	0.226131	0	71/100000
G011742915	G000246875	0.054893	0	11330/100000
G011742915	G000475415	0.138992	0	896/100000
G011742915	G000821105	0.158359	0	509/100000
G011742915	G000246875	0.054893	0	11330/100000
G012030825	G000332195	0.221168	0	82/100000
G012031965	G000315565	0.14334	0	789/100000
G012031965	G000346485	0.204251	0	134/100000
G012031965	G000817735	0.144622	0	760/100000
G012031965	G000828075	0.147145	0	706/100000
G012031965	G000828085	0.114926	0	1817/100000
G012031965	G000828085	0.114926	0	1817/100000
G012032735	G000317025	0.203995	0	135/100000
G012032735	G001904635	0.198797	0	157/100000
G012033135	G000018105	0.240348	0	47/100000
G012034135	G000317025	0.204251	0	134/100000
G012034135	G001904635	0.199911	0	152/100000
G012034595	G000317435	0.163593	0	437/100000
G012034765	G000332195	0.225649	0	72/100000
G012269805	G900112715	0.3176	8.96585e-33	5/100000
G012274165	G000012745	0.198145	0	160/100000
G012519325	G001515955	0.224243	0	75/100000
G012719895	G000020945	0.0178061	0	42519/100000
G012719895	G001896705	0.032975	0	23787/100000
G012719895	G000020945	0.0178061	0	42519/100000
G012719895	G001896705	0.032975	0	23787/100000
G012729145	G001508975	0.0799467	0	5176/100000
G012729145	G001509095	0.079097	0	5312/100000
G012729145	G001508975	0.0799467	0	5176/100000
G012729145	G001509095	0.079097	0	5312/100000
G012839465	G000953715	0.00907253	0	62425/100000
G012839465	G001513315	0.0083282	0	64668/100000
G012839465	G000953715	0.00907253	0	62425/100000
G012839465	G001513315	0.0083282	0	64668/100000
G012839885	G000017405	0.0994825	0	2873/100000
G012839885	G000480315	0.141279	0	838/100000
G012839885	G001586735	0.175501	0	309/100000
G012839885	G001652485	0.167766	0	387/100000
G012839885	G000017405	0.0994825	0	2873/100000
G012839965	G001485475	0.012923	0	52375/100000
G012839965	G001896645	0.0151894	0	47462/100000
G012839965	G001485475	0.012923	0	52375/100000
G012839965	G001896645	0.0151894	0	47462/100000
G012842545	G000020945	0.151101	0	629/100000
G012842545	G001896705	0.120381	0	1547/100000
G012842545	G001896705	0.120381	0	1547/100000
G012959905	G001901525	0.122558	0	1451/100000
G013002175	G000348785	0.202497	0	141/100000
G013002175	G000350145	0.196465	0	168/100000
G900067225	G000177615	0.101306	0	2721/100000
G900067225	G000177615	0.101306	0	2721/100000
G900118655	G000007605	0.130561	0	1147/100000
G900118655	G000009945	0.136316	0	969/100000
G900118655	G000191925	0.0595017	0	9774/100000
G900118655	G000204175	0.0595243	0	9767/100000
G900118655	G000204255	0.0595275	0	9766/100000
G900118655	G000211155	0.0599912	0	9623/100000
G900118655	G000270385	0.0593991	0	9806/100000
G900118655	G000270405	0.05946	0	9787/100000
G900118655	G000270425	0.0594568	0	9788/100000
G900118655	G000270445	0.0595017	0	9774/100000
G900118655	G000298375	0.0598087	0	9679/100000
G900118655	G000298415	0.0536419	0	11798/100000
G900118655	G000298435	0.0605956	0	9440/100000
G900118655	G000298455	0.0595146	0	9770/100000
G900118655	G000298475	0.0552978	0	11183/100000
G900118655	G000298495	0.05897	0	9941/100000
G900118655	G000298515	0.0593511	0	9821/100000
G900118655	G000298535	0.0606424	0	9426/100000
G900118655	G000298555	0.0594536	0	9789/100000
G900118655	G000317995	0.0605856	0	9443/100000
G900118655	G000338695	0.0597535	0	9696/100000
G900118655	G000415565	0.0595178	0	9769/100000
G900118655	G000415685	0.0594728	0	9783/100000
G900118655	G000417585	0.0596726	0	9721/100000
G900118655	G000417845	0.0631147	0	8717/100000
G900118655	G000687395	0.0593991	0	9806/100000
G900118655	G000687415	0.059444	0	9792/100000
G900118655	G000786005	0.0609077	0	9347/100000
G900118655	G001401455	0.0604657	0	9479/100000
G900118655	G001401465	0.059444	0	9792/100000
G900118655	G001401475	0.0594055	0	9804/100000
G900118655	G001401485	0.0605323	0	9459/100000
G900118655	G001563055	0.0595178	0	9769/100000
G900118655	G001714565	0.0595178	0	9769/100000
G900118655	G001714575	0.0594985	0	9775/100000
G900118655	G001714585	0.059521	0	9768/100000
G900118655	G001736045	0.0594375	0	9794/100000
G900118655	G001736055	0.05955	0	9759/100000
G900118655	G000191925	0.0595017	0	9774/100000
G900118655	G000204175	0.0595243	0	9767/100000
G900118655	G000204255	0.0595275	0	9766/100000
G900118655	G000211155	0.0599912	0	9623/100000
G900118655	G000270385	0.0593991	0	9806/100000
G900118655	G000270405	0.05946	0	9787/100000
G900118655	G000270425	0.0594568	0	9788/100000
G900118655	G000270445	0.0595017	0	9774/100000
G900118655	G000298375	0.0598087	0	9679/100000
G900118655	G000298415	0.0536419	0	11798/100000
G900118655	G000298435	0.0605956	0	9440/100000
G900118655	G000298455	0.0595146	0	9770/100000
G900118655	G000298475	0.0552978	0	11183/100000
G900118655	G000298495	0.05897	0	9941/100000
G900118655	G000298515	0.0593511	0	9821/100000
G900118655	G000298535	0.0606424	0	9426/100000
G900118655	G000298555	0.0594536	0	9789/100000
G900118655	G000317995	0.0605856	0	9443/100000
G900118655	G000338695	0.0597535	0	9696/100000
G900118655	G000415565	0.0595178	0	9769/100000
G900118655	G000415685	0.0594728	0	9783/100000
G900118655	G000417585	0.0596726	0	9721/100000
G900118655	G000417845	0.0631147	0	8717/100000
G900118655	G000687395	0.0593991	0	9806/100000
G900118655	G000687415	0.059444	0	9792/100000
G900118655	G000786005	0.0609077	0	9347/100000
G900118655	G001401455	0.0604657	0	9479/100000
G900118655	G001401465	0.059444	0	9792/100000
G900118655	G001401475	0.0594055	0	9804/100000
G900118655	G001401485	0.0605323	0	9459/100000
G900118655	G001563055	0.0595178	0	9769/100000
G900118655	G001714565	0.0595178	0	9769/100000
G900118655	G001714575	0.0594985	0	9775/100000
G900118655	G001714585	0.059521	0	9768/100000
G900118655	G001736045	0.0594375	0	9794/100000
G900118655	G001736055	0.05955	0	9759/100000
G900322255	G000368625	0.115206	0	1802/100000
G900322255	G000369105	0.0675504	0	7585/100000
G900322255	G000369145	0.0304555	0	26060/100000
G900322255	G000488255	0.123532	0	1410/100000
G900322255	G000964095	0.12888	0	1205/100000
G900322255	G001647675	0.132331	0	1089/100000
G900322255	G001878775	0.0310985	0	25456/100000
G900322255	G000369105	0.0675504	0	7585/100000
G900322255	G000369145	0.0304555	0	26060/100000
G900322255	G001878775	0.0310985	0	25456/100000
G900323745	G000006925	0.0274395	0	29136/100000
G900323745	G000008865	0.0261774	0	30554/100000
G900323745	G000012005	0.0286239	0	27878/100000
G900323745	G000026325	0.0180553	0	42084/100000
G900323745	G000026345	0.0230321	0	34478/100000
G900323745	G000183345	0.0278204	0	28724/100000
G900323745	G000299455	0.0247015	0	32322/100000
G900323745	G000648515	0.137609	0	933/100000
G900323745	G001558935	0.136245	0	971/100000
G900323745	G000006925	0.0274395	0	29136/100000
G900323745	G000008865	0.0261774	0	30554/100000
G900323745	G000012005	0.0286239	0	27878/100000
G900323745	G000026325	0.0180553	0	42084/100000
G900323745	G000026345	0.0230321	0	34478/100000
G900323745	G000183345	0.0278204	0	28724/100000
G900323745	G000299455	0.0247015	0	32322/100000
G900458955	G000024565	0.000551736	0	96875/100000
G900458955	G001612575	0.0773239	0	5608/100000
G900458955	G001902575	0.0786806	0	5380/100000
G900458955	G001902585	0.0785168	0	5407/100000
G900458955	G000024565	0.000551736	0	96875/100000
G900458955	G001612575	0.0773239	0	5608/100000
G900458955	G001902575	0.0786806	0	5380/100000
G900458955	G001902585	0.0785168	0	5407/100000
G900460455	G001437355	0.00280182	0	85522/100000
G900460455	G001437425	0.148329	0	682/100000
G900460455	G001437355	0.00280182	0	85522/100000
G900538605	G000183565	0.0857231	0	4343/100000
G900538605	G000246925	0.158024	0	514/100000
G900538605	G000311825	0.121725	0	1487/100000
G900538605	G000312025	0.111476	0	2012/100000
G900538605	G000321025	0.130001	0	1166/100000
G900538605	G000183565	0.0857231	0	4343/100000
G900538655	G000183565	0.123896	0	1395/100000
G900538655	G000246925	0.145581	0	739/100000
G900538655	G000311825	0.0817256	0	4903/100000
G900538655	G000312025	0.127522	0	1254/100000
G900538655	G000321025	0.087612	0	4102/100000
G900538655	G000311825	0.0817256	0	4903/100000
G900538655	G000321025	0.087612	0	4102/100000
G900538725	G000180175	0.151705	0	618/100000
G900538725	G000465555	0.147048	0	708/100000
G900538725	G000612605	0.0631329	0	8712/100000
G900538725	G000759475	0.160087	0	484/100000
G900538725	G000784965	0.161021	0	471/100000
G900538725	G001422605	0.172621	0	336/100000
G900538725	G001602545	0.176632	0	299/100000
G900538725	G001709315	0.154118	0	576/100000
G900538725	G000612605	0.0631329	0	8712/100000
G900542205	G000973085	0.136599	0	961/100000
G900543615	G000169035	0.0417517	0	17506/100000
G900543615	G000434535	0.0420756	0	17314/100000
G900543615	G001404695	0.0505154	0	13064/100000
G900543615	G001405375	0.0421197	0	17288/100000
G900543615	G000169035	0.0417517	0	17506/100000
G900543615	G000434535	0.0420756	0	17314/100000
G900543615	G001404695	0.0505154	0	13064/100000
G900543615	G001405375	0.0421197	0	17288/100000
G900544615	G000403435	0.201773	0	144/100000
G900544615	G000469445	0.198145	0	160/100000
G900544615	G001916835	0.122023	0	1474/100000
G900545035	G000622245	0.221168	0	82/100000
G900545435	G000092845	0.218346	0	89/100000
G900545435	G000325665	0.209219	0	116/100000
G900545435	G000518245	0.215738	0	96/100000
G900545435	G001676785	0.217961	0	90/100000
G900545845	G000296465	0.188297	0	213/100000
G900545845	G000512915	0.114079	0	1863/100000
G900545845	G000512915	0.114079	0	1863/100000
G900548915	G000519105	0.103237	0	2569/100000
G900548915	G001915615	0.110483	0	2072/100000
G900548915	G900091675	0.186107	0	227/100000
G900548915	G000519105	0.103237	0	2569/100000
G900548915	G001915615	0.110483	0	2072/100000
G900550275	G000283575	0.169495	0	368/100000
G900550275	G000307265	0.0161823	0	45502/100000
G900550275	G000307265	0.0161823	0	45502/100000
G900552635	G000153885	0.0260653	0	30684/100000
G900552635	G000153885	0.0260653	0	30684/100000
G900555755	G000436075	0.145442	0	742/100000
G900555755	G001915265	0.14572	0	736/100000
G900636085	G000006925	0.017789	0	42549/100000
G900636085	G000008865	0.02047	0	38152/100000
G900636085	G000012005	0.0240647	0	33124/100000
G900636085	G000026325	0.0245889	0	32462/100000
G900636085	G000026345	0.0255169	0	31330/100000
G900636085	G000183345	0.0286026	0	27900/100000
G900636085	G000195995	0.13524	0	1000/100000
G900636085	G000299455	0.0101353	0	59405/100000
G900636085	G000648515	0.134699	0	1016/100000
G900636085	G001558935	0.135584	0	990/100000
G900636085	G000006925	0.017789	0	42549/100000
G900636085	G000008865	0.02047	0	38152/100000
G900636085	G000012005	0.0240647	0	33124/100000
G900636085	G000026325	0.0245889	0	32462/100000
G900636085	G000026345	0.0255169	0	31330/100000
G900636085	G000183345	0.0286026	0	27900/100000
G900636085	G000299455	0.0101353	0	59405/100000
G900638075	G000015885	0.0906689	0	3741/100000
G900638075	G000376645	0.178889	0	280/100000
G900638075	G000015885	0.0906689	0	3741/100000
G900696505	G000196815	0.178644	0	282/100000
G900696505	G001724505	0.114152	0	1859/100000
G900696505	G001724505	0.114152	0	1859/100000
G902168095	G000230695	0.14793	0	690/100000
G902168095	G000264315	0.154118	0	576/100000
G902168095	G000264335	0.024839	0	32152/100000
G902168095	G000620485	0.156714	0	534/100000
G902168095	G001182895	0.155639	0	551/100000
G902168095	G001617355	0.150775	0	635/100000
G902168095	G001641285	0.157102	0	528/100000
G902168095	G000264335	0.024839	0	32152/100000
G902383995	G000431315	0.0373671	0	20363/100000
G902383995	G000431315	0.0373671	0	20363/100000
G902498835	G000009945	0.178767	0	281/100000
G902498835	G000471025	0.140874	0	848/100000
G902498835	G000583875	0.00324247	0	83529/100000
G902498835	G000687395	0.175501	0	309/100000
G902498835	G000687415	0.175724	0	307/100000
G902498835	G002007725	0.14132	0	837/100000
G902498835	G000583875	0.00324247	0	83529/100000
G902521125	G000011465	0.155022	0	561/100000
G902521125	G000012645	0.0894057	0	3886/100000
G902521125	G000015645	0.0758793	0	5862/100000
G902521125	G000015965	0.0774815	0	5581/100000
G902521125	G000158595	0.0874911	0	4117/100000
G902521125	G000634355	0.0836611	0	4623/100000
G902521125	G000634435	0.0830189	0	4714/100000
G902521125	G000634615	0.0945051	0	3334/100000
G902521125	G000634635	0.0881659	0	4034/100000
G902521125	G000634675	0.0891759	0	3913/100000
G902521125	G000634855	0.081036	0	5007/100000
G902521125	G000635515	0.0825337	0	4784/100000
G902521125	G000635535	0.0832151	0	4686/100000
G902521125	G000635575	0.0412028	0	17837/100000
G902521125	G000635595	0.0796755	0	5219/100000
G902521125	G000635715	0.0788147	0	5358/100000
G902521125	G000635875	0.0847048	0	4479/100000
G902521125	G000759855	0.0991343	0	2903/100000
G902521125	G000759865	0.0988584	0	2927/100000
G902521125	G000759935	0.0991112	0	2905/100000
G902521125	G000759955	0.0880511	0	4048/100000
G902521125	G001180325	0.0779651	0	5499/100000
G902521125	G000012645	0.0894057	0	3886/100000
G902521125	G000015645	0.0758793	0	5862/100000
G902521125	G000015965	0.0774815	0	5581/100000
G902521125	G000158595	0.0874911	0	4117/100000
G902521125	G000634355	0.0836611	0	4623/100000
G902521125	G000634435	0.0830189	0	4714/100000
G902521125	G000634595	0.0835828	0	4634/100000
G902521125	G000634615	0.0945051	0	3334/100000
G902521125	G000634635	0.0881659	0	4034/100000
G902521125	G000634675	0.0891759	0	3913/100000
G902521125	G000634855	0.081036	0	5007/100000
G902521125	G000635455	0.077746	0	5536/100000
G902521125	G000635515	0.0825337	0	4784/100000
G902521125	G000635535	0.0832151	0	4686/100000
G902521125	G000635575	0.0412028	0	17837/100000
G902521125	G000635595	0.0796755	0	5219/100000
G902521125	G000635715	0.0788147	0	5358/100000
G902521125	G000635875	0.0847048	0	4479/100000
G902521125	G000759855	0.0991343	0	2903/100000
G902521125	G000759865	0.0988584	0	2927/100000
G902521125	G000759935	0.0991112	0	2905/100000
G902521125	G000759955	0.0880511	0	4048/100000
G902521125	G001180325	0.0779651	0	5499/100000
G902521125	G001627475	0.0734597	0	6315/100000
G902534475	G000012645	0.0844699	0	4511/100000
G902534475	G000015645	0.0538861	0	11705/100000
G902534475	G000015965	0.0586937	0	10029/100000
G902534475	G000158595	0.0763439	0	5779/100000
G902534475	G000634355	0.0595887	0	9747/100000
G902534475	G000634435	0.0618437	0	9074/100000
G902534475	G000634615	0.0746163	0	6094/100000
G902534475	G000634635	0.0572435	0	10505/100000
G902534475	G000634675	0.064447	0	8359/100000
G902534475	G000634855	0.054521	0	11467/100000
G902534475	G000635515	0.0591123	0	9896/100000
G902534475	G000635535	0.0619939	0	9031/100000
G902534475	G000635595	0.0573835	0	10458/100000
G902534475	G000635715	0.0563718	0	10803/100000
G902534475	G000635875	0.058454	0	10106/100000
G902534475	G000759855	0.100083	0	2822/100000
G902534475	G000759865	0.0998108	0	2845/100000
G902534475	G000759935	0.100059	0	2824/100000
G902534475	G000759955	0.0778465	0	5519/100000
G902534475	G001180325	0.0580295	0	10244/100000
G902534475	G000012645	0.0844699	0	4511/100000
G902534475	G000015645	0.0538861	0	11705/100000
G902534475	G000015965	0.0586937	0	10029/100000
G902534475	G000158595	0.0763439	0	5779/100000
G902534475	G000634355	0.0595887	0	9747/100000
G902534475	G000634435	0.0618437	0	9074/100000
G902534475	G000634595	0.0591631	0	9880/100000
G902534475	G000634615	0.0746163	0	6094/100000
G902534475	G000634635	0.0572435	0	10505/100000
G902534475	G000634675	0.064447	0	8359/100000
G902534475	G000634855	0.054521	0	11467/100000
G902534475	G000635455	0.0573298	0	10476/100000
G902534475	G000635515	0.0591123	0	9896/100000
G902534475	G000635535	0.0619939	0	9031/100000
G902534475	G000635595	0.0573835	0	10458/100000
G902534475	G000635715	0.0563718	0	10803/100000
G902534475	G000635875	0.058454	0	10106/100000
G902534475	G000759855	0.100083	0	2822/100000
G902534475	G000759865	0.0998108	0	2845/100000
G902534475	G000759935	0.100059	0	2824/100000
G902534475	G000759955	0.0778465	0	5519/100000
G902534475	G001180325	0.0580295	0	10244/100000
G902534475	G001627475	0.0483316	0	14038/100000
G902543325	G000384495	0.0473482	0	14503/100000
G902543325	G000384495	0.0473482	0	14503/100000
G902551865	G001179945	0.19506	0	175/100000
G902551865	G001180145	0.177212	0	294/100000
G902577835	G000384495	0.0501767	0	13210/100000
G902577835	G000384495	0.0501767	0	13210/100000
G902594275	G000227525	0.0789371	0	5338/100000
G902594275	G000227525	0.0789371	0	5338/100000
G902611185	G000384995	0.041908	0	17413/100000
G902612085	G000227525	0.0700152	0	7025/100000
G902612085	G000227525	0.0700152	0	7025/100000
G902642035	G000008025	0.000446442	0	97460/100000
G902642035	G000008385	0.143081	0	795/100000
G902642035	G000073005	0.103067	0	2582/100000
G902642035	G000306885	0.170538	0	357/100000
G902642035	G000376585	0.103911	0	2518/100000
G902642035	G000689175	0.0218941	0	36052/100000
G902642035	G000829315	0.136105	0	975/100000
G902642035	G001637495	0.102886	0	2596/100000
G902642035	G000008025	0.000446442	0	97460/100000
G902642035	G000073005	0.103067	0	2582/100000
G902642035	G000331595	0.100333	0	2801/100000
G902642035	G000376585	0.103911	0	2518/100000
G902642035	G000689175	0.0218941	0	36052/100000
G902642035	G001637495	0.102886	0	2596/100000
G902646925	G000008025	0.0041328	0	79703/100000
G902646925	G000008385	0.144263	0	768/100000
G902646925	G000073005	0.103145	0	2576/100000
G902646925	G000306885	0.171514	0	347/100000
G902646925	G000376585	0.103579	0	2543/100000
G902646925	G000689175	0.0224963	0	35208/100000
G902646925	G000829315	0.136813	0	955/100000
G902646925	G001637495	0.104477	0	2476/100000
G902646925	G000008025	0.0041328	0	79703/100000
G902646925	G000073005	0.103145	0	2576/100000
G902646925	G000331595	0.100767	0	2765/100000
G902646925	G000376585	0.103579	0	2543/100000
G902646925	G000689175	0.0224963	0	35208/100000
G902646925	G001637495	0.104477	0	2476/100000
