G001873795	G002323245	0.000145921	0	99159/100000
G002730875	G002473045	0.000164444	0	99053/100000
G001769245	G003506435	0.000177568	0	98978/100000
G000008345	G001812935	0.000204914	0	98822/100000
G001768535	G003506435	0.000210005	0	98793/100000
G000025125	G002380595	0.000228983	0	98685/100000
G002344135	G002345135	0.000432653	0	97537/100000
G000008025	G902642035	0.000446442	0	97460/100000
G000024565	G900458955	0.000551736	0	96875/100000
G001768205	G003506435	0.000649229	0	96338/100000
G000021565	G003518825	0.0007288	0	95903/100000
G001566965	G011321975	0.000868375	0	95147/100000
G000010305	G003543295	0.00102296	0	94320/100000
G900094735	G001314785	0.00104537	0	94201/100000
G000091545	G002378905	0.00121278	0	93319/100000
G000332315	G000341585	0.0012695	0	93023/100000
G003167925	G003134375	0.00135971	0	92555/100000
G001871315	G002779915	0.00137249	0	92489/100000
G000718325	G004769145	0.00142315	0	92228/100000
G000195835	G000735795	0.00142762	0	92205/100000
G000949635	G003577215	0.00151314	0	91767/100000
G001434815	G001311765	0.00188356	0	89905/100000
G001308895	G003931975	0.00196197	0	89518/100000
G001418795	G003931975	0.00196807	0	89488/100000
G001559335	G003931975	0.00199331	0	89364/100000
G000018565	G003512625	0.00202453	0	89211/100000
G000195715	G001525555	0.00249626	0	86945/100000
G001437355	G900460455	0.00280182	0	85522/100000
G001873715	G002792475	0.00283293	0	85379/100000
G012516735	G001618615	0.00314923	0	83945/100000
G000024385	G001896795	0.00323438	0	83565/100000
G000583875	G902498835	0.00324247	0	83529/100000
G000389905	G000735795	0.00341981	0	82746/100000
G012516735	G001618625	0.00345223	0	82604/100000
G000754445	G002293055	0.00351617	0	82325/100000
G000830925	G002431625	0.00361139	0	81912/100000
G001635685	G001626545	0.00373345	0	81387/100000
G000273375	G000296235	0.00389018	0	80720/100000
G000770195	G002215425	0.00397413	0	80366/100000
G000021485	G003931975	0.00399532	0	80277/100000
G002364815	G001871525	0.00406172	0	79999/100000
G009928345	G001175545	0.00406244	0	79996/100000
G000092785	G007859155	0.00409169	0	79874/100000
G000006845	G002289125	0.00411643	0	79771/100000
G000008025	G902646925	0.0041328	0	79703/100000
G000158275	G002211645	0.00503726	0	76070/100000
G000744735	G002380295	0.00512326	0	75737/100000
G003139775	G003165815	0.00513233	0	75702/100000
G000718005	G002895405	0.0056681	0	73675/100000
G001889305	G002431625	0.00569805	0	73564/100000
G000145555	G001812935	0.00601931	0	72388/100000
G000008565	G003516665	0.00613724	0	71963/100000
G001801305	G003542495	0.00625476	0	71543/100000
G000145515	G001812935	0.00635712	0	71180/100000
G000144735	G001812935	0.0063693	0	71137/100000
G001204615	G000735795	0.00643175	0	70917/100000
G009842645	G009844615	0.00644683	0	70864/100000
G001508115	G003506195	0.00653167	0	70567/100000
G004803915	G009775485	0.00658505	0	70381/100000
G000017865	G003506195	0.00663316	0	70214/100000
G000011965	G003516265	0.00679536	0	69655/100000
G000499365	G002431625	0.00722868	0	68192/100000
G009774865	G002362235	0.00759861	0	66977/100000
G000185885	G000390045	0.0079711	0	65784/100000
G000710505	G003609755	0.00802368	0	65618/100000
G000179815	G003931975	0.00809365	0	65398/100000
G002795845	G002478725	0.00815178	0	65216/100000
G001513315	G012839465	0.0083282	0	64668/100000
G004114165	G000735795	0.00833046	0	64661/100000
G000502095	G000502035	0.00840579	0	64429/100000
G000019725	G001476225	0.00860698	0	63815/100000
G001567405	G002344155	0.00863801	0	63721/100000
G004768415	G004768435	0.00887855	0	62999/100000
G000517565	G002877975	0.00892934	0	62848/100000
G000953715	G012839465	0.00907253	0	62425/100000
G001438005	G002346835	0.00909908	0	62347/100000
G000024985	G003242625	0.00917353	0	62129/100000
G000972995	G008269695	0.00922187	0	61988/100000
G000973005	G008269695	0.00927657	0	61829/100000
G000620885	G008269695	0.00927933	0	61821/100000
G000196035	G008269695	0.00933146	0	61670/100000
G001564695	G008269695	0.00938447	0	61517/100000
G001463995	G008269695	0.00938898	0	61504/100000
G001938355	G009797425	0.00951866	0	61132/100000
G001307545	G001475495	0.0096015	0	60896/100000
G001133125	G004331935	0.00969788	0	60623/100000
G001611775	G009797425	0.00978844	0	60368/100000
G000567965	G008269695	0.0097888	0	60367/100000
G000620905	G008269695	0.00979343	0	60354/100000
G003554425	G001564055	0.00979806	0	60341/100000
G003644525	G011052855	0.00985233	0	60189/100000
G002015085	G009797425	0.00996359	0	59879/100000
G000688835	G009797425	0.0100047	0	59765/100000
G000620985	G003537455	0.0101258	0	59431/100000
G000299455	G900636085	0.0101353	0	59405/100000
G001564995	G008269695	0.0103449	0	58833/100000
G000444605	G009797425	0.0105343	0	58323/100000
G000019725	G000878385	0.0105994	0	58149/100000
G001051235	G002337185	0.0106576	0	57994/100000
G001438005	G002346355	0.0110377	0	56996/100000
G001280145	G001476225	0.0110674	0	56919/100000
G001280145	G000878385	0.0111265	0	56766/100000
G000196275	G002384255	0.0111898	0	56603/100000
G000007525	G008673975	0.0113902	0	56091/100000
G000697965	G002216665	0.0117402	0	55212/100000
G002070575	G002067585	0.0117679	0	55143/100000
G008273775	G900636085	0.0118051	0	55051/100000
G001340935	G004331935	0.0120936	0	54343/100000
G001508875	G001508125	0.0121397	0	54231/100000
G001010485	G002431625	0.0123029	0	53837/100000
G001689425	G009775485	0.0123735	0	53668/100000
G001436775	G002316965	0.0125597	0	53225/100000
G001719865	G004331935	0.0127088	0	52874/100000
G000156295	G002378915	0.0128489	0	52547/100000
G001485475	G012839965	0.012923	0	52375/100000
G001643955	G001486905	0.0129529	0	52306/100000
G001022195	G001807845	0.0129893	0	52222/100000
G000314575	G002476965	0.0131729	0	51801/100000
G001042405	G002316965	0.0133134	0	51482/100000
G000426385	G002330965	0.0133918	0	51305/100000
G001571305	G003507845	0.0134608	0	51150/100000
G000526435	G003242265	0.0136365	0	50758/100000
G000648175	G002307795	0.0142741	0	49369/100000
G002730355	G002388025	0.0143801	0	49143/100000
G902792045	G002351115	0.0143971	0	49107/100000
G001311725	G002316965	0.0145304	0	48825/100000
G000944855	G900636085	0.0145941	0	48691/100000
G000756655	G002337725	0.0147472	0	48371/100000
G900114425	G002351115	0.0149657	0	47919/100000
G900112735	G002351115	0.0149701	0	47910/100000
G000426385	G002479615	0.0150584	0	47729/100000
G000648015	G002307795	0.0151894	0	47462/100000
G001896645	G012839965	0.0151894	0	47462/100000
G001899705	G002322695	0.0152126	0	47415/100000
G000415085	G002307795	0.015318	0	47202/100000
G000317935	G001525555	0.0153339	0	47170/100000
G000196095	G003123995	0.0155734	0	46691/100000
G000179395	G002482225	0.0158387	0	46168/100000
G000493225	G003123995	0.015896	0	46056/100000
G001456215	G002835445	0.0160169	0	45821/100000
G000307265	G900550275	0.0161823	0	45502/100000
G003309745	G002835445	0.0163198	0	45239/100000
G000415005	G002307795	0.0163824	0	45120/100000
G000011065	G006218125	0.0164472	0	44997/100000
G000420325	G002473345	0.0168313	0	44278/100000
G900108995	G002351115	0.0170092	0	43950/100000
G000007785	G002307795	0.0172743	0	43467/100000
G001314975	G006218125	0.0174974	0	43066/100000
G000437995	G006218125	0.0175047	0	43053/100000
G000444565	G009797425	0.0175787	0	42921/100000
G000296465	G003524165	0.0176035	0	42877/100000
G000318015	G001525555	0.017617	0	42853/100000
G007998125	G900636085	0.0176994	0	42707/100000
G000006925	G900636085	0.017789	0	42549/100000
G000020945	G012719895	0.0178061	0	42519/100000
G000702165	G002351115	0.0179397	0	42285/100000
G000025105	G001508125	0.018019	0	42147/100000
G000026325	G900323745	0.0180553	0	42084/100000
G000444705	G009797425	0.0182646	0	41723/100000
G000444645	G009797425	0.018404	0	41485/100000
G000009745	G002117205	0.0184175	0	41462/100000
G000712635	G003241225	0.018487	0	41344/100000
G000010285	G003450595	0.0186036	0	41147/100000
G900120415	G008661855	0.018743	0	40913/100000
G000025025	G002431625	0.0187544	0	40894/100000
G001687195	G000411595	0.0192614	0	40058/100000
G000426465	G009360455	0.019339	0	39932/100000
G000740715	G000411595	0.0193501	0	39914/100000
G001461825	G000411595	0.0196702	0	39400/100000
G000746035	G000411595	0.0197469	0	39278/100000
G000725405	G003533385	0.0198303	0	39146/100000
G000275785	G000411595	0.0198449	0	39123/100000
G001517185	G000411595	0.0199675	0	38930/100000
G000368625	G002381195	0.0200327	0	38828/100000
G001587325	G000411595	0.0200416	0	38814/100000
G900156245	G000411595	0.0200692	0	38771/100000
G001617995	G000411595	0.0201128	0	38703/100000
G001975995	G000411595	0.020161	0	38628/100000
G001440465	G000411595	0.0202158	0	38543/100000
G001318165	G000735795	0.0202514	0	38488/100000
G003072045	G008978205	0.0202611	0	38473/100000
G000008865	G900636085	0.02047	0	38152/100000
G001698145	G002386555	0.020489	0	38123/100000
G000444685	G009797425	0.0206884	0	37820/100000
G001808025	G002322695	0.02092	0	37472/100000
G000312125	G002363295	0.0210025	0	37349/100000
G007785795	G002340685	0.0213463	0	36842/100000
G001075215	G002835445	0.0216585	0	36389/100000
G000016785	G001508125	0.0218631	0	36096/100000
G000689175	G902642035	0.0218941	0	36052/100000
G001690515	G001690305	0.0223441	0	35419/100000
G000689175	G902646925	0.0224963	0	35208/100000
G000172635	G003525145	0.022513	0	35185/100000
G001603805	G003452015	0.0225348	0	35155/100000
G012357415	G900636085	0.02275	0	34860/100000
G004962345	G004018905	0.0227661	0	34838/100000
G000012845	G001404395	0.0229557	0	34581/100000
G001866515	G002434125	0.0229839	0	34543/100000
G000026345	G900323745	0.0230321	0	34478/100000
G000338055	G003241005	0.0232182	0	34229/100000
G001924945	G003525145	0.0234894	0	33870/100000
G005864045	G003521095	0.0235358	0	33809/100000
G000444545	G009797425	0.0238028	0	33461/100000
G902601495	G002712105	0.023819	0	33440/100000
G003506745	G011620455	0.024003	0	33203/100000
G000012005	G900636085	0.0240647	0	33124/100000
G000944855	G900323745	0.0244029	0	32695/100000
G000026325	G900636085	0.0245889	0	32462/100000
G000299455	G900323745	0.0247015	0	32322/100000
G000264335	G902168095	0.024839	0	32152/100000
G000758725	G002367055	0.0250199	0	31930/100000
G000021885	G009797425	0.0252463	0	31655/100000
G001690435	G001690305	0.0252877	0	31605/100000
G001294745	G002388375	0.0253101	0	31578/100000
G000248055	G002500165	0.0253333	0	31550/100000
G008273775	G900323745	0.0253699	0	31506/100000
G000026345	G900636085	0.0255169	0	31330/100000
G902809815	G005795965	0.025791	0	31005/100000
G000153885	G900552635	0.0260653	0	30684/100000
G000012685	G006519765	0.0261152	0	30626/100000
G000008865	G900323745	0.0261774	0	30554/100000
G902518775	G002715745	0.0270138	0	29605/100000
G012357415	G900323745	0.02738	0	29201/100000
G000205025	G002492145	0.0274092	0	29169/100000
G000006925	G900323745	0.0274395	0	29136/100000
G012270245	G002298755	0.02768	0	28875/100000
G007998125	G900323745	0.0277366	0	28814/100000
G000183345	G900323745	0.0278204	0	28724/100000
G001233785	G002835445	0.0279016	0	28637/100000
G000779535	G900323745	0.0279908	0	28542/100000
G002009735	G008933815	0.0281398	0	28384/100000
G000243335	G008933815	0.0281928	0	28328/100000
G000183345	G900636085	0.0286026	0	27900/100000
G000012005	G900323745	0.0286239	0	27878/100000
G900700355	G000735795	0.0293254	0	27164/100000
G001747005	G002813895	0.0294215	0	27068/100000
G002895025	G003447855	0.0294938	0	26996/100000
G000315585	G003261315	0.0294988	0	26991/100000
G000431455	G002492145	0.0296624	0	26829/100000
G000172375	G009797425	0.0298496	0	26645/100000
G902635395	G902543325	0.0299397	0	26557/100000
G001643565	G004357485	0.0301386	0	26364/100000
G902635395	G902577835	0.0303236	0	26186/100000
G001593245	G001634345	0.0303581	0	26153/100000
G000369145	G900322255	0.0304555	0	26060/100000
G004963055	G004018905	0.0309553	0	25589/100000
G001878775	G900322255	0.0310985	0	25456/100000
G000988325	G002322695	0.032007	0	24631/100000
G900107215	G002433005	0.0325768	0	24130/100000
G000230655	G001508125	0.0326598	0	24058/100000
G000978555	G001508125	0.0326621	0	24056/100000
G000008545	G001508125	0.032698	0	24025/100000
G902523065	G902525955	0.0336969	0	23180/100000
G000779535	G900636085	0.0341579	0	22802/100000
G000934435	G003261315	0.0344565	0	22561/100000
G000190755	G002454495	0.0351448	0	22017/100000
G000312265	G009996405	0.0351473	0	22015/100000
G000010625	G009996405	0.0352928	0	21902/100000
G001705225	G003476965	0.0353161	0	21884/100000
G001578075	G009996405	0.0354003	0	21819/100000
G000777875	G900636085	0.035503	0	21740/100000
G001578075	G007095915	0.0360445	0	21329/100000
G000312265	G007095915	0.0361473	0	21252/100000
G000160455	G002433005	0.0362506	0	21175/100000
G002006815	G010031595	0.036299	0	21139/100000
G000010625	G007095915	0.0366012	0	20916/100000
G001816025	G002379545	0.0369154	0	20687/100000
G000431315	G902383995	0.0373671	0	20363/100000
G001816025	G002338985	0.0377428	0	20098/100000
G000312165	G009996405	0.0377671	0	20081/100000
G000307285	G002342085	0.038213	0	19772/100000
G000526855	G003013295	0.038559	0	19536/100000
G000312165	G007095915	0.0389025	0	19305/100000
G002006815	G009918485	0.0389234	0	19291/100000
G000781475	G900323745	0.0391084	0	19168/100000
G000008805	G002289125	0.0393329	0	19020/100000
G000781475	G900636085	0.0394061	0	18972/100000
G000513215	G001914155	0.0400577	0	18551/100000
G000619785	G008269695	0.0401425	0	18497/100000
G000777575	G900323745	0.0404193	0	18322/100000
G003987095	G002388375	0.0410181	0	17950/100000
G000635575	G902521125	0.0412028	0	17837/100000
G000777575	G900636085	0.041369	0	17736/100000
G001264245	G009996405	0.0414633	0	17679/100000
G000784835	G001508125	0.0416613	0	17560/100000
G000169035	G900543615	0.0417517	0	17506/100000
G900110385	G008015635	0.0417735	0	17493/100000
G000384995	G902611185	0.041908	0	17413/100000
G000434535	G900543615	0.0420756	0	17314/100000
G001405375	G900543615	0.0421197	0	17288/100000
G001264245	G007095915	0.0422254	0	17226/100000
G000436395	G002492685	0.0425917	0	17013/100000
G000787675	G009996405	0.0427289	0	16934/100000
G000092985	G000340945	0.0428564	0	16861/100000
G000787675	G007095915	0.0429388	0	16814/100000
G000599945	G007095915	0.0433048	0	16607/100000
G000312725	G007095915	0.0433404	0	16587/100000
G010026065	G005791235	0.0434404	0	16531/100000
G000312285	G007095915	0.043444	0	16529/100000
G000312285	G009996405	0.0436905	0	16392/100000
G000307995	G007095915	0.0440838	0	16176/100000
G000312205	G007095915	0.0440893	0	16173/100000
G000312185	G007095915	0.0441573	0	16136/100000
G000255295	G003612255	0.0442975	0	16060/100000
G000312725	G009996405	0.044316	0	16050/100000
G000312185	G009996405	0.0444181	0	15995/100000
G001940945	G002492685	0.0444832	0	15960/100000
G000599945	G009996405	0.0444925	0	15955/100000
G000312205	G009996405	0.0450273	0	15671/100000
G001704955	G007095915	0.0451168	0	15624/100000
G000981785	G007095915	0.0451703	0	15596/100000
G001917295	G002492685	0.0452201	0	15570/100000
G000312245	G007095915	0.0452527	0	15553/100000
G001885655	G007095915	0.0453758	0	15489/100000
G001706385	G007095915	0.0457231	0	15310/100000
G000330925	G007095915	0.045819	0	15261/100000
G000307995	G009996405	0.0458936	0	15223/100000
G000297435	G009996405	0.0460138	0	15162/100000
G001704955	G009996405	0.0461286	0	15104/100000
G000981785	G009996405	0.0461405	0	15098/100000
G001725075	G007095915	0.0462698	0	15033/100000
G000297435	G007095915	0.046474	0	14931/100000
G000648615	G006777585	0.0465464	0	14895/100000
G000332585	G007095915	0.0466332	0	14852/100000
G000980515	G002492685	0.0468239	0	14758/100000
G000330925	G009996405	0.0468993	0	14721/100000
G001885655	G009996405	0.0471867	0	14581/100000
G001543285	G002440555	0.0471929	0	14578/100000
G000312245	G009996405	0.047195	0	14577/100000
G001706385	G009996405	0.0472756	0	14538/100000
G001725075	G009996405	0.0473337	0	14510/100000
G000384495	G902543325	0.0473482	0	14503/100000
G000332585	G009996405	0.0477942	0	14290/100000
G001627475	G902534475	0.0483316	0	14038/100000
G000006965	G000421085	0.0484915	0	13964/100000
G900227605	G900636085	0.0491895	0	13646/100000
G000384495	G902577835	0.0501767	0	13210/100000
G001404695	G900543615	0.0505154	0	13064/100000
G001283625	G900636085	0.0505949	0	13030/100000
G902613805	G902581085	0.0506605	0	13002/100000
G000020225	G002492685	0.051268	0	12746/100000
G000196735	G000411595	0.0514003	0	12691/100000
G000196295	G002289125	0.0515139	0	12644/100000
G900167475	G002476985	0.0517668	0	12540/100000
G902160675	G001807845	0.0518525	0	12505/100000
G000723745	G002492685	0.0518574	0	12503/100000
G000455225	G002319965	0.0522127	0	12359/100000
G902520835	G002457715	0.0528101	0	12121/100000
G000777875	G900323745	0.0528151	0	12119/100000
G002686085	G002168145	0.0530266	0	12036/100000
G000298415	G900118655	0.0536419	0	11798/100000
G000015645	G902534475	0.0538861	0	11705/100000
G000634855	G902534475	0.054521	0	11467/100000
G000246875	G011742915	0.054893	0	11330/100000
G000527135	G003248915	0.0549341	0	11315/100000
G000298475	G900118655	0.0552978	0	11183/100000
G000980495	G002492145	0.0558269	0	10994/100000
G000008505	G001584035	0.0562597	0	10842/100000
G000635715	G902534475	0.0563718	0	10803/100000
G000634635	G902534475	0.0572435	0	10505/100000
G000434815	G002492145	0.0573298	0	10476/100000
G000635455	G902534475	0.0573298	0	10476/100000
G000635595	G902534475	0.0573835	0	10458/100000
G000778805	G900323745	0.0576625	0	10365/100000
G000007845	G001584035	0.0576896	0	10356/100000
G000008165	G001584035	0.0576986	0	10353/100000
G001180325	G902534475	0.0580295	0	10244/100000
G000635875	G902534475	0.058454	0	10106/100000
G000015965	G902534475	0.0586937	0	10029/100000
G000298495	G900118655	0.05897	0	9941/100000
G000778805	G900636085	0.0590395	0	9919/100000
G000635515	G902534475	0.0591123	0	9896/100000
G000634595	G902534475	0.0591631	0	9880/100000
G000298515	G900118655	0.0593511	0	9821/100000
G000270385	G900118655	0.0593991	0	9806/100000
G000687395	G900118655	0.0593991	0	9806/100000
G001401475	G900118655	0.0594055	0	9804/100000
G001401465	G900118655	0.059444	0	9792/100000
G000298555	G900118655	0.0594536	0	9789/100000
G000270425	G900118655	0.0594568	0	9788/100000
G000270405	G900118655	0.05946	0	9787/100000
G000415685	G900118655	0.0594728	0	9783/100000
G001714575	G900118655	0.0594985	0	9775/100000
G000191925	G900118655	0.0595017	0	9774/100000
G000298455	G900118655	0.0595146	0	9770/100000
G001563055	G900118655	0.0595178	0	9769/100000
G001714565	G900118655	0.0595178	0	9769/100000
G001714585	G900118655	0.059521	0	9768/100000
G000204175	G900118655	0.0595243	0	9767/100000
G001736055	G900118655	0.05955	0	9759/100000
G900227605	G900323745	0.0595661	0	9754/100000
G000634355	G902534475	0.0595887	0	9747/100000
G000417585	G900118655	0.0596726	0	9721/100000
G000338695	G900118655	0.0597535	0	9696/100000
G000298375	G900118655	0.0598087	0	9679/100000
G000746645	G008978205	0.0598868	0	9655/100000
G000211155	G900118655	0.0599912	0	9623/100000
G001854465	G002211645	0.0600665	0	9600/100000
G001283625	G900323745	0.0603762	0	9506/100000
G001401455	G900118655	0.0604657	0	9479/100000
G001401485	G900118655	0.0605323	0	9459/100000
G000317995	G900118655	0.0605856	0	9443/100000
G000298435	G900118655	0.0605956	0	9440/100000
G000298535	G900118655	0.0606424	0	9426/100000
G000786005	G900118655	0.0609077	0	9347/100000
G001508055	G001509385	0.0612232	0	9254/100000
G000634435	G902534475	0.0618437	0	9074/100000
G000635535	G902534475	0.0619939	0	9031/100000
G002007905	G002431625	0.062071	0	9009/100000
G002007825	G002431625	0.062807	0	8802/100000
G000417845	G900118655	0.0631147	0	8717/100000
G000612605	G900538725	0.0631329	0	8712/100000
G000830905	G002431625	0.0634698	0	8620/100000
G001626315	G003525145	0.0642346	0	8415/100000
G000634675	G902534475	0.064447	0	8359/100000
G000072485	G002991565	0.0644508	0	8358/100000
G001678055	G002431625	0.0646495	0	8306/100000
G001626275	G003525145	0.0647724	0	8274/100000
G000011905	G002431625	0.0649384	0	8231/100000
G000428825	G003542385	0.0651676	0	8172/100000
G001626115	G003525145	0.0657308	0	8029/100000
G000027165	G004331935	0.0658742	0	7993/100000
G001459095	G002431625	0.0663819	0	7867/100000
G000369105	G900322255	0.0675504	0	7585/100000
G000238275	G002297745	0.0678434	0	7516/100000
G001952815	G002322695	0.0681177	0	7452/100000
G001924935	G002297745	0.0684642	0	7372/100000
G000317245	G003261315	0.068828	0	7289/100000
G000219105	G006519765	0.0692052	0	7204/100000
G000007825	G001584035	0.0693798	0	7165/100000
G000227525	G902612085	0.0700152	0	7025/100000
G001420855	G001584035	0.0701992	0	6985/100000
G004961195	G004962545	0.0706548	0	6887/100000
G001922545	G000502035	0.0720054	0	6605/100000
G000007325	G002211645	0.0720299	0	6600/100000
G004961905	G004962545	0.0729403	0	6417/100000
G000501235	G000502035	0.0730769	0	6390/100000
G000501735	G000502035	0.0731582	0	6374/100000
G000501915	G000502035	0.0732549	0	6355/100000
G000501595	G000502035	0.07326	0	6354/100000
G001627475	G902521125	0.0734597	0	6315/100000
G000304735	G000502035	0.0734751	0	6312/100000
G902536555	G902534475	0.0737331	0	6262/100000
G012161415	G900323745	0.0740509	0	6201/100000
G001729525	G003522405	0.0741979	0	6173/100000
G000300045	G000502035	0.0743561	0	6143/100000
G000500975	G000502035	0.074462	0	6123/100000
G000634615	G902534475	0.0746163	0	6094/100000
G900009135	G003609755	0.0751218	0	6000/100000
G000501755	G000502035	0.0753668	0	5955/100000
G000714705	G000502035	0.0755531	0	5921/100000
G012161415	G900636085	0.0755531	0	5921/100000
G000015645	G902521125	0.0758793	0	5862/100000
G000501695	G000502035	0.0759293	0	5853/100000
G000739475	G000502035	0.0762763	0	5791/100000
G000158595	G902534475	0.0763439	0	5779/100000
G000173895	G002289125	0.0763722	0	5774/100000
G000501895	G000502035	0.0766045	0	5733/100000
G000501675	G000502035	0.0767014	0	5716/100000
G004962305	G004962545	0.0769477	0	5673/100000
G000501615	G000502035	0.0769707	0	5669/100000
G000960735	G008269695	0.0769823	0	5667/100000
G000183885	G008269695	0.0772309	0	5624/100000
G001612575	G900458955	0.0773239	0	5608/100000
G000832605	G001584035	0.0773647	0	5601/100000
G900183965	G002835445	0.0774172	0	5592/100000
G000015965	G902521125	0.0774815	0	5581/100000
G000501015	G000502035	0.0775811	0	5564/100000
G000635455	G902521125	0.077746	0	5536/100000
G000501215	G000502035	0.0778465	0	5519/100000
G000759955	G902534475	0.0778465	0	5519/100000
G001180325	G902521125	0.0779651	0	5499/100000
G000501275	G000502035	0.0785592	0	5400/100000
G001902575	G900458955	0.0786806	0	5380/100000
G000635715	G902521125	0.0788147	0	5358/100000
G000501155	G000502035	0.0788881	0	5346/100000
G000227525	G902594275	0.0789371	0	5338/100000
G001509095	G012729145	0.079097	0	5312/100000
G000278295	G000296235	0.0792205	0	5292/100000
G000501875	G000502035	0.0792452	0	5288/100000
G000146165	G003241225	0.0793259	0	5275/100000
G000018605	G001509385	0.0793818	0	5266/100000
G009696445	G900555005	0.0794877	0	5249/100000
G000204035	G002362815	0.079519	0	5244/100000
G000635595	G902521125	0.0796755	0	5219/100000
G001508975	G012729145	0.0799467	0	5176/100000
G000181895	G000502035	0.0809508	0	5020/100000
G000023605	G002869945	0.0810097	0	5011/100000
G000634855	G902521125	0.081036	0	5007/100000
G000447295	G003261315	0.0810622	0	5003/100000
G000695055	G003123995	0.0813921	0	4953/100000
G001275395	G003261315	0.0814585	0	4943/100000
G000311825	G900538655	0.0817256	0	4903/100000
G000291295	G001584035	0.0819004	0	4877/100000
G000635515	G902521125	0.0825337	0	4784/100000
G000018945	G001508125	0.08281	0	4744/100000
G000750655	G001508125	0.082977	0	4720/100000
G000634435	G902521125	0.0830189	0	4714/100000
G000635535	G902521125	0.0832151	0	4686/100000
G001873365	G003609755	0.0833349	0	4669/100000
G000634595	G902521125	0.0835828	0	4634/100000
G000634355	G902521125	0.0836611	0	4623/100000
G000183405	G002878065	0.0841714	0	4552/100000
G000012645	G902534475	0.0844699	0	4511/100000
G000635875	G902521125	0.0847048	0	4479/100000
G000433375	G006218125	0.0848229	0	4463/100000
G004010295	G004018905	0.0848229	0	4463/100000
G000341065	G000340945	0.0851202	0	4423/100000
G001672375	G004962545	0.0854353	0	4381/100000
G004961165	G004962545	0.0854655	0	4377/100000
G000183565	G900538605	0.0857231	0	4343/100000
G001713665	G008978205	0.0859293	0	4316/100000
G000191145	G008978205	0.0861367	0	4289/100000
G004964325	G004962545	0.0862603	0	4273/100000
G004964895	G004962545	0.0863533	0	4261/100000
G000484635	G001724135	0.0865323	0	4238/100000
G001025175	G008673975	0.0867281	0	4213/100000
G002283365	G012269805	0.0867438	0	4211/100000
G001408335	G003450595	0.0871789	0	4156/100000
G000741845	G002431625	0.0872987	0	4141/100000
G000158595	G902521125	0.0874911	0	4117/100000
G000321025	G900538655	0.087612	0	4102/100000
G004010325	G004962545	0.0879122	0	4065/100000
G000759955	G902521125	0.0880511	0	4048/100000
G000634635	G902521125	0.0881659	0	4034/100000
G000832145	G001508125	0.0883307	0	4014/100000
G001525595	G003123995	0.0883637	0	4010/100000
G000354175	G003123995	0.0883968	0	4006/100000
G000340565	G007692755	0.0885212	0	3991/100000
G002726915	G002323995	0.0890743	0	3925/100000
G000634675	G902521125	0.0891759	0	3913/100000
G000012645	G902521125	0.0894057	0	3886/100000
G003467125	G002395615	0.0896544	0	3857/100000
G001499755	G002991565	0.0906156	0	3747/100000
G000015885	G900638075	0.0906689	0	3741/100000
G000764205	G002162925	0.0907311	0	3734/100000
G004964905	G004962545	0.0912426	0	3677/100000
G902536555	G902521125	0.0917808	0	3618/100000
G002903165	G002471895	0.0922907	0	3563/100000
G007695125	G007130445	0.0924218	0	3549/100000
G000183745	G011330655	0.0928754	0	3501/100000
G000014805	G001634345	0.0932294	0	3464/100000
G004791955	G004018905	0.0936263	0	3423/100000
G004791025	G004962545	0.0936848	0	3417/100000
G005063255	G004018905	0.0943254	0	3352/100000
G000634615	G902521125	0.0945051	0	3334/100000
G000426925	G001672095	0.0945251	0	3332/100000
G001314905	G007693465	0.0950501	0	3280/100000
G000221145	G001812935	0.0956563	0	3221/100000
G000820205	G001634345	0.0963482	0	3155/100000
G000214035	G003248915	0.0964012	0	3150/100000
G000312705	G001672095	0.0967319	0	3119/100000
G004791025	G004018905	0.0971093	0	3084/100000
G000340565	G003556955	0.0972288	0	3073/100000
G000824825	G004018905	0.0972942	0	3067/100000
G001761445	G002431625	0.0974583	0	3052/100000
G000759865	G902521125	0.0988584	0	2927/100000
G000759935	G902521125	0.0991112	0	2905/100000
G000759855	G902521125	0.0991343	0	2903/100000
G000344275	G004331935	0.099366	0	2883/100000
G000017405	G012839885	0.0994825	0	2873/100000
G004017065	G004018905	0.0996228	0	2861/100000
G000759865	G902534475	0.0998108	0	2845/100000
G000759935	G902534475	0.100059	0	2824/100000
G000759855	G902534475	0.100083	0	2822/100000
G000331595	G902642035	0.100333	0	2801/100000
G000331595	G902646925	0.100767	0	2765/100000
G001650905	G002696075	0.101257	0	2725/100000
G000177615	G900067225	0.101306	0	2721/100000
G001189535	G002479615	0.101368	0	2716/100000
G001460955	G002431625	0.101966	0	2668/100000
G000478785	G003516665	0.102168	0	2652/100000
G000156435	G001484705	0.102219	0	2648/100000
G001418585	G000719825	0.102244	0	2646/100000
G002288005	G009691185	0.102397	0	2634/100000
G000786655	G003450595	0.102435	0	2631/100000
G001189535	G002330965	0.10264	0	2615/100000
G000508625	G008661855	0.102666	0	2613/100000
G001562295	G003525145	0.102705	0	2610/100000
G001637495	G902642035	0.102886	0	2596/100000
G000312525	G000296235	0.102924	0	2593/100000
G004965685	G004018905	0.102937	0	2592/100000
G000073005	G902642035	0.103067	0	2582/100000
G000073005	G902646925	0.103145	0	2576/100000
G000519105	G900548915	0.103237	0	2569/100000
G000204235	G001812935	0.103394	0	2557/100000
G000376585	G902646925	0.103579	0	2543/100000
G000376585	G902642035	0.103911	0	2518/100000
G003216725	G902534475	0.103978	0	2513/100000
G001012825	G002367055	0.104382	0	2483/100000
G001637495	G902646925	0.104477	0	2476/100000
G002021775	G002431625	0.105039	0	2435/100000
G000341695	G002431625	0.105178	0	2425/100000
G000437075	G002492685	0.105289	0	2417/100000
G000830885	G002431625	0.105317	0	2415/100000
G001854555	G002964685	0.105359	0	2412/100000
G000521175	G001672095	0.105639	0	2392/100000
G001547795	G002431625	0.105681	0	2389/100000
G000025585	G002431625	0.105922	0	2372/100000
G000455325	G001475495	0.10595	0	2370/100000
G000016705	G002431625	0.105979	0	2368/100000
G000230695	G001898415	0.106036	0	2364/100000
G000009025	G002431625	0.106164	0	2355/100000
G000196395	G001634345	0.106307	0	2345/100000
G000278115	G000296235	0.10677	0	2313/100000
G000505545	G002342085	0.106814	0	2310/100000
G002007845	G002431625	0.106843	0	2308/100000
G001063255	G002289125	0.107137	0	2288/100000
G000341655	G002431625	0.107255	0	2280/100000
G001515295	G002431625	0.107284	0	2278/100000
G001678035	G002431625	0.107299	0	2277/100000
G000332975	G002500165	0.107477	0	2265/100000
G000725175	G001723875	0.108383	0	2205/100000
G000953735	G002733565	0.108414	0	2203/100000
G000314735	G003963195	0.108876	0	2173/100000
G000495505	G001486905	0.10944	0	2137/100000
G004961905	G004018905	0.109488	0	2134/100000
G902592415	G902551865	0.109998	0	2102/100000
G003216725	G902521125	0.110272	0	2085/100000
G000421625	G002378905	0.110418	0	2076/100000
G001915615	G900548915	0.110483	0	2072/100000
G003576595	G002711695	0.110532	0	2069/100000
G000017145	G000421085	0.11063	0	2063/100000
G002922735	G002714255	0.110696	0	2059/100000
G004010325	G004018905	0.111076	0	2036/100000
G000407245	G000438515	0.111225	0	2027/100000
G004017065	G004962545	0.111309	0	2022/100000
G001262595	G001476225	0.111325	0	2021/100000
G000824785	G004018905	0.111426	0	2015/100000
G001586165	G002379545	0.111426	0	2015/100000
G000312025	G900538605	0.111476	0	2012/100000
G001262595	G000878385	0.111544	0	2008/100000
G001189955	G009914615	0.111797	0	1993/100000
G001571165	G009914615	0.111814	0	1992/100000
G000027145	G008269695	0.112483	0	1953/100000
G001419695	G001484705	0.112622	0	1945/100000
G000175235	G002281795	0.112848	0	1932/100000
G004961195	G004018905	0.112901	0	1929/100000
G004339805	G002430305	0.113147	0	1915/100000
G000369145	G002381195	0.113289	0	1907/100000
G001586165	G002338985	0.113574	0	1891/100000
G001617355	G001898415	0.113844	0	1876/100000
G000512915	G900545845	0.114079	0	1863/100000
G001724505	G900696505	0.114152	0	1859/100000
G000805385	G001475495	0.114445	0	1843/100000
G000215955	G002729955	0.114481	0	1841/100000
G001399775	G002378905	0.114573	0	1836/100000
G001306135	G003512625	0.114684	0	1830/100000
G001878775	G002381195	0.11487	0	1820/100000
G001808965	G000438515	0.114888	0	1819/100000
G000828085	G012031965	0.114926	0	1817/100000
G000186165	G002289125	0.114944	0	1816/100000
G000368625	G900322255	0.115206	0	1802/100000
G000819865	G001634345	0.115546	0	1784/100000
G001021715	G003533385	0.115603	0	1781/100000
G004010295	G004962545	0.115813	0	1770/100000
G001630765	G003497475	0.116005	0	1760/100000
G001509795	G001484705	0.116237	0	1748/100000
G000276805	G002733565	0.116373	0	1741/100000
G000247895	G001807845	0.116412	0	1739/100000
G005063255	G004962545	0.116568	0	1731/100000
G000069965	G002184635	0.116588	0	1730/100000
G001418415	G001484705	0.116627	0	1728/100000
G000418365	G002482225	0.116686	0	1725/100000
G001880325	G002378905	0.116903	0	1714/100000
G902525995	G002726375	0.117022	0	1708/100000
G000317205	G003261315	0.117121	0	1703/100000
G001660045	G001484705	0.117201	0	1699/100000
G000158935	G001484705	0.117281	0	1695/100000
G000698575	G000818655	0.117321	0	1693/100000
G000158215	G002211645	0.117341	0	1692/100000
G001509795	G000719825	0.117663	0	1676/100000
G001690525	G001690305	0.11805	0	1657/100000
G000721235	G001484705	0.1184	0	1640/100000
G000444875	G000719825	0.118503	0	1635/100000
G000203835	G001484705	0.118566	0	1632/100000
G001013905	G001484705	0.118566	0	1632/100000
G001040945	G009914615	0.118586	0	1631/100000
G000309885	G002378905	0.118628	0	1629/100000
G000158955	G001484705	0.118649	0	1628/100000
G001513975	G000719825	0.118691	0	1626/100000
G005938655	G003526905	0.118691	0	1626/100000
G000716215	G000719825	0.118879	0	1617/100000
G009835815	G009838625	0.118963	0	1613/100000
G900116625	G002388375	0.118984	0	1612/100000
G001294685	G002388375	0.119068	0	1608/100000
G009936215	G011056515	0.11909	0	1607/100000
G000423385	G002314325	0.119301	0	1597/100000
G004791955	G004962545	0.119365	0	1594/100000
G000017705	G003123995	0.119408	0	1592/100000
G001873375	G003249015	0.119408	0	1592/100000
G000349325	G000719825	0.119515	0	1587/100000
G003523185	G002456955	0.119729	0	1577/100000
G000214095	G003931975	0.119751	0	1576/100000
G001611795	G001484705	0.119837	0	1572/100000
G001611795	G000719825	0.120491	0	1542/100000
G001514045	G000719825	0.120646	0	1535/100000
G001548455	G003261315	0.120868	0	1525/100000
G000158955	G000719825	0.121024	0	1518/100000
G001904645	G003261315	0.121316	0	1505/100000
G001886435	G003525145	0.121361	0	1503/100000
G001511815	G000719825	0.121429	0	1500/100000
G001886395	G003525145	0.121543	0	1495/100000
G000382345	G002434125	0.121634	0	1491/100000
G000311825	G900538605	0.121725	0	1487/100000
G001660045	G000719825	0.121771	0	1485/100000
G004962305	G004018905	0.121771	0	1485/100000
G000240185	G001807845	0.122	0	1475/100000
G001916835	G900544615	0.122023	0	1474/100000
G001686985	G004962545	0.122093	0	1471/100000
G001654495	G000719825	0.122139	0	1469/100000
G000422085	G001914155	0.122208	0	1466/100000
G000721105	G000719825	0.122231	0	1465/100000
G900010725	G003609755	0.122231	0	1465/100000
G001857665	G003931975	0.122441	0	1456/100000
G900129645	G002433005	0.122441	0	1456/100000
G000158935	G000719825	0.122511	0	1453/100000
G000317225	G003261315	0.122558	0	1451/100000
G001901525	G012959905	0.122558	0	1451/100000
G000156435	G000719825	0.122675	0	1446/100000
G001005085	G000719825	0.122699	0	1445/100000
G001066585	G001807845	0.123125	0	1427/100000
G000444875	G001484705	0.123412	0	1415/100000
G003564415	G003551085	0.123508	0	1411/100000
G000488255	G900322255	0.123532	0	1410/100000
G001768395	G002426345	0.123677	0	1404/100000
G900149785	G007693465	0.123701	0	1403/100000
G000203835	G000719825	0.123726	0	1402/100000
G000183565	G900538655	0.123896	0	1395/100000
G001654495	G001484705	0.123896	0	1395/100000
G002104675	G000735795	0.124043	0	1389/100000
G000599865	G002384255	0.124141	0	1385/100000
G001013905	G000719825	0.124313	0	1378/100000
G000725795	G000719825	0.124362	0	1376/100000
G001513975	G001484705	0.124387	0	1375/100000
G000744885	G002378905	0.124461	0	1372/100000
G000215745	G001807845	0.12466	0	1364/100000
G000454045	G004211705	0.124911	0	1354/100000
G001431535	G002991565	0.124936	0	1353/100000
G001572725	G001914155	0.125264	0	1340/100000
G000661955	G002991565	0.125315	0	1338/100000
G000716215	G001484705	0.125391	0	1335/100000
G001511815	G001484705	0.125596	0	1327/100000
G010730055	G000735795	0.125596	0	1327/100000
G000187465	G004331935	0.125673	0	1324/100000
G000376565	G000719825	0.125905	0	1315/100000
G000497445	G000719825	0.126009	0	1311/100000
G001714725	G002281795	0.126035	0	1310/100000
G010592515	G900636085	0.126087	0	1308/100000
G000369105	G002381195	0.126191	0	1304/100000
G001690445	G001723875	0.126374	0	1297/100000
G000092925	G003241485	0.126479	0	1293/100000
G000816565	G004001285	0.126638	0	1287/100000
G001634865	G003447855	0.126797	0	1281/100000
G001419695	G000719825	0.12685	0	1279/100000
G000317655	G002813895	0.12693	0	1276/100000
G000721235	G000719825	0.12693	0	1276/100000
G000349325	G001484705	0.126983	0	1274/100000
G001418475	G000719825	0.126983	0	1274/100000
G001690495	G001690305	0.127091	0	1270/100000
G001700965	G002991565	0.12736	0	1260/100000
G000022725	G000296235	0.127495	0	1255/100000
G000818035	G002289125	0.127495	0	1255/100000
G000312025	G900538655	0.127522	0	1254/100000
G000278155	G000296235	0.127768	0	1245/100000
G001279985	G000719825	0.127768	0	1245/100000
G001693745	G001723875	0.127795	0	1244/100000
G000725795	G001484705	0.127822	0	1243/100000
G001654855	G002184635	0.128015	0	1236/100000
G001279585	G000340945	0.128375	0	1223/100000
G004964895	G004018905	0.128514	0	1218/100000
G000091305	G000719825	0.128542	0	1217/100000
G000204605	G001484705	0.128767	0	1209/100000
G001690255	G001690305	0.128795	0	1208/100000
G000737945	G002380595	0.128852	0	1206/100000
G000964095	G900322255	0.12888	0	1205/100000
G000009765	G000719825	0.128993	0	1201/100000
G000771745	G002378905	0.129164	0	1195/100000
G900100155	G003241485	0.129193	0	1194/100000
G902570675	G902581085	0.129193	0	1194/100000
G000721105	G001484705	0.129364	0	1188/100000
G000718315	G000719825	0.129422	0	1186/100000
G001686985	G004018905	0.129508	0	1183/100000
G001418415	G000719825	0.129566	0	1181/100000
G000185905	G004962545	0.129768	0	1174/100000
G000321025	G900538605	0.130001	0	1166/100000
G001279985	G001484705	0.130177	0	1160/100000
G002840845	G011526165	0.130324	0	1155/100000
G000341085	G000340945	0.130502	0	1149/100000
G000007605	G900118655	0.130561	0	1147/100000
G000280015	G000296235	0.130561	0	1147/100000
G000725495	G000719825	0.130561	0	1147/100000
G001690535	G001690305	0.13071	0	1142/100000
G900149695	G013041995	0.13077	0	1140/100000
G001302585	G000720375	0.13098	0	1133/100000
G001514045	G001484705	0.13101	0	1132/100000
G000204605	G000719825	0.13107	0	1130/100000
G000745065	G002378905	0.13107	0	1130/100000
G001418585	G001484705	0.131101	0	1129/100000
G000497445	G001484705	0.131252	0	1124/100000
G000612485	G001525555	0.131313	0	1122/100000
G000317595	G000719825	0.131374	0	1120/100000
G001005085	G001484705	0.131496	0	1116/100000
G000968255	G000719825	0.131679	0	1110/100000
G000378025	G003241485	0.132268	0	1091/100000
G001647675	G900322255	0.132331	0	1089/100000
G001676765	G004962545	0.132425	0	1086/100000
G000718315	G001484705	0.132488	0	1084/100000
G000800935	G003248805	0.132582	0	1081/100000
G000488255	G002381195	0.132646	0	1079/100000
G000741695	G008673975	0.132868	0	1072/100000
G001695855	G002216665	0.132868	0	1072/100000
G012965425	G012959905	0.132963	0	1069/100000
G000341125	G000340945	0.133155	0	1063/100000
G001314305	G002991565	0.133316	0	1058/100000
G001801315	G003542495	0.133348	0	1057/100000
G000423905	G002378905	0.133381	0	1056/100000
G000341385	G000296235	0.133543	0	1051/100000
G000163595	G001914155	0.133608	0	1049/100000
G000741715	G008673975	0.133771	0	1044/100000
G001418475	G001484705	0.133869	0	1041/100000
G009937725	G001807845	0.133869	0	1041/100000
G001690425	G001690305	0.133902	0	1040/100000
G000754505	G009691185	0.133935	0	1039/100000
G000964095	G002381195	0.134132	0	1033/100000
G000385415	G000296235	0.134165	0	1032/100000
G000388115	G001634345	0.134165	0	1032/100000
G000331005	G000719825	0.134431	0	1024/100000
G000372885	G003248915	0.134464	0	1023/100000
G001418655	G000719825	0.134564	0	1020/100000
G000745475	G003248805	0.134598	0	1019/100000
G000648515	G900636085	0.134699	0	1016/100000
G001431505	G002991565	0.134699	0	1016/100000
G000195995	G900636085	0.13524	0	1000/100000
G006440785	G004962545	0.135343	0	997/100000
G001630765	G002415925	0.135412	0	995/100000
G000009765	G001484705	0.13548	0	993/100000
G001558935	G900636085	0.135584	0	990/100000
G009923655	G002292925	0.135861	0	982/100000
G902519845	G902577835	0.135965	0	979/100000
G000829315	G902642035	0.136105	0	975/100000
G000147715	G003525965	0.136245	0	971/100000
G001558935	G900323745	0.136245	0	971/100000
G000009945	G900118655	0.136316	0	969/100000
G000091305	G001484705	0.136316	0	969/100000
G011057975	G002707985	0.136457	0	965/100000
G000264315	G001898415	0.136528	0	963/100000
G000973085	G900542205	0.136599	0	961/100000
G001298265	G003248805	0.136706	0	958/100000
G000829315	G902646925	0.136813	0	955/100000
G001235865	G003447855	0.136884	0	953/100000
G001602545	G003507845	0.137028	0	949/100000
G001298575	G000719825	0.137064	0	948/100000
G000187005	G002378905	0.1371	0	947/100000
G000317595	G001484705	0.137245	0	943/100000
G000204195	G002281795	0.137354	0	940/100000
G000725495	G001484705	0.137354	0	940/100000
G001676765	G004018905	0.137499	0	936/100000
G000968255	G001484705	0.137572	0	934/100000
G000648515	G900323745	0.137609	0	933/100000
G000349585	G002415925	0.137646	0	932/100000
G001420315	G003248805	0.137793	0	928/100000
G000056065	G001311765	0.137903	0	925/100000
G000218565	G003963195	0.138349	0	913/100000
G900106855	G008661855	0.138575	0	907/100000
G000802245	G000719825	0.138726	0	903/100000
G000178875	G003241225	0.138764	0	902/100000
G001429395	G003248805	0.138764	0	902/100000
G000475415	G011742915	0.138992	0	896/100000
G001188915	G000390045	0.139221	0	890/100000
G000213935	G002482225	0.139375	0	886/100000
G000331735	G006519765	0.139375	0	886/100000
G000376565	G001484705	0.139375	0	886/100000
G001553285	G008661855	0.139452	0	884/100000
G002409625	G012839565	0.139608	0	880/100000
G001412595	G002434125	0.139646	0	879/100000
G001418335	G000719825	0.139763	0	876/100000
G000756775	G003476965	0.139881	0	873/100000
G001620325	G003241225	0.139998	0	870/100000
G002001105	G001898415	0.139998	0	870/100000
G001424165	G002434125	0.140077	0	868/100000
G001932225	G000296235	0.140077	0	868/100000
G001932175	G000296235	0.140116	0	867/100000
G002001105	G902168095	0.140116	0	867/100000
G000802245	G001484705	0.140235	0	864/100000
G001932215	G000296235	0.140314	0	862/100000
G001647675	G002381195	0.140433	0	859/100000
G001932165	G000296235	0.140433	0	859/100000
G000708545	G000296235	0.140473	0	858/100000
G000017425	G001584035	0.140553	0	856/100000
G000420065	G008661855	0.140633	0	854/100000
G000046705	G000296235	0.140673	0	853/100000
G000471025	G902498835	0.140874	0	848/100000
G000702305	G003241485	0.140874	0	848/100000
G003280025	G902534475	0.140874	0	848/100000
G006440785	G004018905	0.140955	0	846/100000
G902519845	G902543325	0.140955	0	846/100000
G000278195	G000296235	0.140995	0	845/100000
G000285555	G002342085	0.141036	0	844/100000
G000219605	G003476965	0.141157	0	841/100000
G000824825	G004962545	0.141157	0	841/100000
G000981765	G003370465	0.141239	0	839/100000
G000480315	G012839885	0.141279	0	838/100000
G000294515	G000340945	0.14132	0	837/100000
G002007725	G902498835	0.14132	0	837/100000
G010020825	G002281795	0.141402	0	835/100000
G000689355	G000296235	0.141484	0	833/100000
G003280025	G902521125	0.141484	0	833/100000
G000196435	G000296235	0.141566	0	831/100000
G001418655	G001484705	0.14169	0	828/100000
G001419745	G000719825	0.141773	0	826/100000
G000599985	G001723875	0.141814	0	825/100000
G000716805	G000719825	0.141856	0	824/100000
G000949635	G011525665	0.141897	0	823/100000
G000185905	G004018905	0.141939	0	822/100000
G000824785	G004962545	0.142064	0	819/100000
G000278135	G000296235	0.142147	0	817/100000
G001431645	G002991565	0.142995	0	797/100000
G001457475	G001525555	0.143038	0	796/100000
G000008385	G902642035	0.143081	0	795/100000
G000315565	G012031965	0.14334	0	789/100000
G000706625	G000296235	0.143558	0	784/100000
G000331005	G001484705	0.143602	0	783/100000
G000312545	G000296235	0.143645	0	782/100000
G000718595	G000719825	0.143953	0	775/100000
G000721275	G000719825	0.144041	0	773/100000
G000008385	G902646925	0.144263	0	768/100000
G000716675	G000719825	0.144353	0	766/100000
G000225825	G003241005	0.144397	0	765/100000
G000367205	G001812935	0.144397	0	765/100000
G001889105	G000421085	0.144397	0	765/100000
G000719955	G001484705	0.144532	0	762/100000
G010592515	G001807845	0.144532	0	762/100000
G001646665	G001484705	0.144577	0	761/100000
G000204645	G002281795	0.144622	0	760/100000
G000817735	G012031965	0.144622	0	760/100000
G001419745	G001484705	0.144622	0	760/100000
G000264335	G001898415	0.144667	0	759/100000
G001298575	G001484705	0.144712	0	758/100000
G000236865	G002431805	0.144802	0	756/100000
G001830045	G002418725	0.144848	0	755/100000
G000233655	G003241005	0.144938	0	753/100000
G000745265	G002434125	0.145166	0	748/100000
G001829965	G002418725	0.145166	0	748/100000
G001830165	G002418725	0.145166	0	748/100000
G000698595	G000818655	0.145212	0	747/100000
G000718595	G001484705	0.145212	0	747/100000
G001418335	G001484705	0.14535	0	744/100000
G001693435	G001723875	0.14535	0	744/100000
G000436075	G900555755	0.145442	0	742/100000
G001830975	G002418725	0.145442	0	742/100000
G000716675	G001484705	0.145535	0	740/100000
G000246925	G900538655	0.145581	0	739/100000
G001310255	G002362815	0.145627	0	738/100000
G001915265	G900555755	0.14572	0	736/100000
G000253235	G000719825	0.145767	0	735/100000
G000219105	G003612255	0.146047	0	729/100000
G001646665	G000719825	0.146188	0	726/100000
G001750785	G001484705	0.146236	0	725/100000
G000711245	G002706265	0.146377	0	722/100000
G000830005	G000719825	0.146615	0	717/100000
G001042635	G008673975	0.146663	0	716/100000
G000716805	G001484705	0.146759	0	714/100000
G000721275	G001484705	0.146855	0	712/100000
G000349585	G003497475	0.146951	0	710/100000
G000407545	G000438515	0.146951	0	710/100000
G001429505	G003248805	0.147	0	709/100000
G000465555	G900538725	0.147048	0	708/100000
G000828075	G012031965	0.147145	0	706/100000
G000294715	G000296235	0.147193	0	705/100000
G001278075	G001484705	0.147291	0	703/100000
G000720475	G000719825	0.147339	0	702/100000
G001447335	G001634345	0.147535	0	698/100000
G000719955	G000719825	0.147584	0	697/100000
G000815185	G002991565	0.147584	0	697/100000
G001672375	G004018905	0.147682	0	695/100000
G001078275	G001525555	0.147732	0	694/100000
G000230695	G902168095	0.14793	0	690/100000
G000164865	G001807845	0.148079	0	687/100000
G000283495	G002319965	0.148179	0	685/100000
G000018545	G000421085	0.148279	0	683/100000
G001571365	G001525555	0.148279	0	683/100000
G001437425	G900460455	0.148329	0	682/100000
G000701345	G004799405	0.14843	0	680/100000
G000309385	G003241845	0.14848	0	679/100000
G000813765	G002362815	0.148531	0	678/100000
G000519065	G003241225	0.148581	0	677/100000
G001750785	G000719825	0.148632	0	676/100000
G001578645	G002492685	0.148683	0	675/100000
G001580195	G002492685	0.148683	0	675/100000
G001647615	G002492685	0.148683	0	675/100000
G000745175	G002384255	0.148733	0	674/100000
G001690355	G001690305	0.148937	0	670/100000
G000827005	G000719825	0.149091	0	667/100000
G001514455	G001914155	0.149091	0	667/100000
G001425945	G002362815	0.149194	0	665/100000
G000526595	G004769145	0.1494	0	661/100000
G001641285	G001898415	0.149504	0	659/100000
G001690385	G001690305	0.149608	0	657/100000
G000725165	G001723875	0.149765	0	654/100000
G000253235	G001484705	0.14987	0	652/100000
G000820125	G001634345	0.14987	0	652/100000
G000278215	G000296235	0.149975	0	650/100000
G000830005	G001484705	0.150028	0	649/100000
G000612825	G001475495	0.150134	0	647/100000
G000255295	G006519765	0.150187	0	646/100000
G000720475	G001484705	0.150187	0	646/100000
G001278075	G000719825	0.150187	0	646/100000
G001418465	G001484705	0.150187	0	646/100000
G001418465	G000719825	0.150293	0	644/100000
G001690585	G001690305	0.150293	0	644/100000
G000741785	G008673975	0.1504	0	642/100000
G001189965	G009914615	0.1504	0	642/100000
G001426225	G003248805	0.1504	0	642/100000
G008667865	G900555755	0.150453	0	641/100000
G002266425	G003446085	0.150507	0	640/100000
G000741175	G008673975	0.15056	0	639/100000
G000012685	G003612255	0.150614	0	638/100000
G010731535	G000735795	0.150614	0	638/100000
G000518285	G003013295	0.150668	0	637/100000
G001267925	G009914615	0.150721	0	636/100000
G001617355	G902168095	0.150775	0	635/100000
G000067205	G001525555	0.150829	0	634/100000
G001424025	G002362815	0.150883	0	633/100000
G900552765	G900556945	0.150992	0	631/100000
G001182895	G001898415	0.151046	0	630/100000
G004342425	G002297645	0.151046	0	630/100000
G000020945	G012842545	0.151101	0	629/100000
G000312345	G002339505	0.15121	0	627/100000
G000312565	G000296235	0.151264	0	626/100000
G002692105	G902525955	0.151374	0	624/100000
G000827005	G001484705	0.151429	0	623/100000
G001279695	G000719825	0.151594	0	620/100000
G000238395	G002297745	0.15165	0	619/100000
G000180175	G900538725	0.151705	0	618/100000
G001427825	G002362815	0.151705	0	618/100000
G000378865	G009691185	0.151816	0	616/100000
G000022305	G002281795	0.151872	0	615/100000
G001021935	G002991565	0.151984	0	613/100000
G000719335	G000719825	0.152208	0	609/100000
G000720455	G000719825	0.152208	0	609/100000
G000023405	G003241005	0.152547	0	603/100000
G900103375	G003476965	0.152661	0	601/100000
G001577345	G002403995	0.152718	0	600/100000
G000763385	G003241845	0.152775	0	599/100000
G000023065	G008015085	0.152833	0	598/100000
G001417815	G008673975	0.15289	0	597/100000
G000226215	G002415925	0.153005	0	595/100000
G001596795	G002297745	0.153121	0	593/100000
G001279695	G001484705	0.153294	0	590/100000
G000719335	G001484705	0.153411	0	588/100000
G900104755	G004799405	0.153469	0	587/100000
G000017265	G004297125	0.153528	0	586/100000
G000331735	G003612255	0.153586	0	585/100000
G000023225	G003542385	0.153645	0	584/100000
G000010605	G001484705	0.153704	0	583/100000
G000010605	G000719825	0.15388	0	580/100000
G000429085	G001484705	0.15388	0	580/100000
G000264315	G902168095	0.154118	0	576/100000
G001709315	G900538725	0.154118	0	576/100000
G000739995	G002281795	0.154237	0	574/100000
G000226215	G003497475	0.154357	0	572/100000
G002288385	G009691135	0.154537	0	569/100000
G000720455	G001484705	0.154718	0	566/100000
G000285595	G002342085	0.1549	0	563/100000
G000091565	G003507845	0.154961	0	562/100000
G000011465	G902521125	0.155022	0	561/100000
G001858025	G001672095	0.155084	0	560/100000
G002287885	G009691185	0.155084	0	560/100000
G000620485	G001898415	0.155206	0	558/100000
G000019945	G000878385	0.155268	0	557/100000
G000953825	G003524365	0.155268	0	557/100000
G001746425	G000719825	0.155329	0	556/100000
G001690525	G001723875	0.155391	0	555/100000
G001634865	G001626545	0.155453	0	554/100000
G001570425	G001475495	0.155577	0	552/100000
G001746425	G001484705	0.155577	0	552/100000
G001182895	G902168095	0.155639	0	551/100000
G000341145	G000340945	0.155702	0	550/100000
G000144605	G002362815	0.155889	0	547/100000
G001310795	G002281795	0.155952	0	546/100000
G000814675	G002297745	0.156015	0	545/100000
G011106855	G003476965	0.156141	0	543/100000
G003173715	G000878385	0.156267	0	541/100000
G902790255	G002393025	0.156267	0	541/100000
G001905365	G001484705	0.156458	0	538/100000
G900018785	G002991565	0.15665	0	535/100000
G000620485	G902168095	0.156714	0	534/100000
G001905365	G000719825	0.156714	0	534/100000
G900078695	G001525555	0.156714	0	534/100000
G000300995	G002337725	0.156778	0	533/100000
G001690495	G001723875	0.156778	0	533/100000
G001465295	G002297745	0.156843	0	532/100000
G001690535	G001723875	0.156907	0	531/100000
G000717745	G001484705	0.157102	0	528/100000
G000718095	G000719825	0.157102	0	528/100000
G001641285	G902168095	0.157102	0	528/100000
G001643095	G000878385	0.157102	0	528/100000
G009735685	G001484705	0.157167	0	527/100000
G000261485	G000421085	0.157428	0	523/100000
G001422605	G003507845	0.157559	0	521/100000
G000770645	G003132105	0.15789	0	516/100000
G000246925	G900538605	0.158024	0	514/100000
G000718475	G001570385	0.158224	0	511/100000
G000717345	G001484705	0.158359	0	509/100000
G000821105	G011742915	0.158359	0	509/100000
G001516045	G003132105	0.158359	0	509/100000
G001690435	G001723875	0.158494	0	507/100000
G001729485	G001484705	0.15863	0	505/100000
G001690355	G001723875	0.158698	0	504/100000
G001690255	G001723875	0.158902	0	501/100000
G002259685	G008673975	0.158902	0	501/100000
G000511135	G001570385	0.159247	0	496/100000
G000022305	G001724135	0.159316	0	495/100000
G000717345	G000719825	0.159455	0	493/100000
G000024865	G001570385	0.159664	0	490/100000
G001941825	G002434125	0.159734	0	489/100000
G012932365	G008673975	0.159734	0	489/100000
G000286415	G001525555	0.160016	0	485/100000
G000497425	G001484705	0.160016	0	485/100000
G000497425	G000719825	0.160087	0	484/100000
G000759475	G900538725	0.160087	0	484/100000
G000332135	G001672095	0.160158	0	483/100000
G000718095	G001484705	0.160158	0	483/100000
G000482805	G002384255	0.160372	0	480/100000
G000425625	G003476965	0.160443	0	479/100000
G000701445	G002362815	0.160443	0	479/100000
G000720305	G001484705	0.160443	0	479/100000
G001729485	G000719825	0.160443	0	479/100000
G000717025	G001484705	0.160515	0	478/100000
G001552515	G001570385	0.160659	0	476/100000
G000715975	G001570385	0.160731	0	475/100000
G000695235	G000719825	0.160876	0	473/100000
G000332215	G003249035	0.161021	0	471/100000
G000784965	G900538725	0.161021	0	471/100000
G001690515	G001723875	0.161094	0	470/100000
G000720305	G000719825	0.161241	0	468/100000
G001548015	G000878385	0.161241	0	468/100000
G001690385	G001723875	0.161388	0	466/100000
G000466985	G002362815	0.161684	0	462/100000
G001690425	G001723875	0.161684	0	462/100000
G000015005	G001475495	0.161832	0	460/100000
G001298675	G002281795	0.161832	0	460/100000
G003704105	G002362815	0.161832	0	460/100000
G000383815	G009691185	0.161907	0	459/100000
G003254475	G004297125	0.161982	0	458/100000
G001690585	G001723875	0.162057	0	457/100000
G000695235	G001484705	0.162208	0	455/100000
G000718635	G001484705	0.162283	0	454/100000
G002101845	G000735795	0.162283	0	454/100000
G000590475	G003476965	0.162435	0	452/100000
G000736415	G001486905	0.162587	0	450/100000
G000577555	G002339505	0.16274	0	448/100000
G000263355	G003524365	0.162817	0	447/100000
G000741165	G008673975	0.162817	0	447/100000
G003864455	G003864475	0.162817	0	447/100000
G000312105	G002476985	0.163203	0	442/100000
G000735105	G009360455	0.163203	0	442/100000
G001440405	G004799405	0.163515	0	438/100000
G000317435	G012034595	0.163593	0	437/100000
G004168035	G002384855	0.163672	0	436/100000
G000241265	G002435425	0.163751	0	435/100000
G001548015	G001476225	0.163751	0	435/100000
G000735605	G003248805	0.164148	0	430/100000
G003335355	G003241005	0.164228	0	429/100000
G001690195	G001723875	0.164388	0	427/100000
G001417755	G001570385	0.164469	0	426/100000
G001049335	G002869945	0.164956	0	420/100000
G001402795	G003249035	0.165038	0	419/100000
G002365325	G002726315	0.165038	0	419/100000
G000016565	G003476965	0.16512	0	418/100000
G000721075	G001570385	0.165284	0	416/100000
G001606005	G002476965	0.165284	0	416/100000
G001606005	G003522405	0.165367	0	415/100000
G003314535	G002347465	0.165367	0	415/100000
G000756665	G002337725	0.165533	0	413/100000
G900100495	G003476965	0.165616	0	412/100000
G003730275	G002362815	0.165783	0	410/100000
G001653075	G001570385	0.165867	0	409/100000
G000938305	G004799405	0.165951	0	408/100000
G000599985	G001690305	0.16612	0	406/100000
G000253295	G003987855	0.166717	0	399/100000
G001693385	G004799405	0.166717	0	399/100000
G008087055	G902612085	0.166717	0	399/100000
G000959245	G000818655	0.16689	0	397/100000
G001426485	G002476985	0.16689	0	397/100000
G008087055	G902594275	0.16689	0	397/100000
G000026405	G002386555	0.167238	0	393/100000
G900103005	G009881125	0.167238	0	393/100000
G900114705	G002434125	0.167325	0	392/100000
G012960515	G012269805	0.167413	0	391/100000
G900291465	G900550125	0.167413	0	391/100000
G000576425	G003241005	0.167589	0	389/100000
G000294575	G009691185	0.167677	0	388/100000
G001652485	G012839885	0.167766	0	387/100000
G000806415	G003476965	0.167855	0	386/100000
G000938975	G000719825	0.168033	0	384/100000
G000735135	G009360455	0.168123	0	383/100000
G000158915	G000719825	0.168213	0	382/100000
G000340435	G000735795	0.168213	0	382/100000
G001661495	G002297745	0.168303	0	381/100000
G000161775	G003516265	0.168393	0	380/100000
G000196615	G003507845	0.168393	0	380/100000
G001424265	G002281795	0.168393	0	380/100000
G000011705	G000818655	0.168574	0	378/100000
G000092385	G001484705	0.168574	0	378/100000
G000158915	G001484705	0.168757	0	376/100000
G000153465	G011055635	0.16894	0	374/100000
G000310185	G007713545	0.169124	0	372/100000
G001865575	G000818655	0.169124	0	372/100000
G011390385	G007116035	0.169217	0	371/100000
G000020045	G000818655	0.169402	0	369/100000
G012797505	G011620455	0.169402	0	369/100000
G000283575	G900550275	0.169495	0	368/100000
G902611295	G902551865	0.169589	0	367/100000
G000938975	G001484705	0.169871	0	364/100000
G001696485	G001570385	0.169965	0	363/100000
G001235865	G001626545	0.17006	0	362/100000
G000159635	G002339505	0.170251	0	360/100000
G001552635	G001896795	0.170251	0	360/100000
G000378905	G009691185	0.170442	0	358/100000
G000697965	G000421085	0.170442	0	358/100000
G000018665	G002281795	0.170538	0	357/100000
G000306885	G902642035	0.170538	0	357/100000
G000011545	G000818655	0.170635	0	356/100000
G000300005	G003526905	0.170635	0	356/100000
G000785435	G000818655	0.170828	0	354/100000
G000092385	G000719825	0.171023	0	352/100000
G000204645	G001724135	0.171023	0	352/100000
G001411495	G000818655	0.171023	0	352/100000
G001051995	G007713545	0.171317	0	349/100000
G000147815	G001484705	0.171416	0	348/100000
G000332215	G003249015	0.171416	0	348/100000
G900109175	G003476965	0.171416	0	348/100000
G000306885	G902646925	0.171514	0	347/100000
G001695855	G000421085	0.171713	0	345/100000
G000684975	G000818655	0.171813	0	344/100000
G000157895	G000735795	0.171913	0	343/100000
G000321415	G007116035	0.172013	0	342/100000
G000520555	G004001285	0.172519	0	337/100000
G000935205	G004799405	0.172519	0	337/100000
G001422605	G900538725	0.172621	0	336/100000
G000013365	G004799405	0.172724	0	335/100000
G000632805	G001898415	0.17293	0	333/100000
G001632775	G002297645	0.17293	0	333/100000
G001027285	G006519765	0.173137	0	331/100000
G011761985	G002362815	0.173137	0	331/100000
G900100285	G003476965	0.173137	0	331/100000
G000312005	G001898175	0.173241	0	330/100000
G001682385	G007713545	0.173241	0	330/100000
G000013745	G004799405	0.173345	0	329/100000
G001639025	G002339505	0.17345	0	328/100000
G000372085	G002339505	0.173555	0	327/100000
G001597285	G003476965	0.173555	0	327/100000
G011526085	G008015095	0.173555	0	327/100000
G000364625	G003476965	0.17366	0	326/100000
G000282995	G001724135	0.173765	0	325/100000
G900109035	G003516265	0.173978	0	323/100000
G000381265	G002281795	0.174084	0	322/100000
G900105255	G002471895	0.174084	0	322/100000
G000773975	G003507845	0.174298	0	320/100000
G001267535	G003507845	0.174298	0	320/100000
G000739455	G002339505	0.174406	0	319/100000
G009773315	G011620455	0.174406	0	319/100000
G000335815	G002434125	0.174731	0	316/100000
G001425835	G003963195	0.175059	0	313/100000
G000011365	G004799405	0.17539	0	310/100000
G000336255	G003507845	0.17539	0	310/100000
G000747315	G002339505	0.17539	0	310/100000
G001027285	G003612255	0.17539	0	310/100000
G000687395	G902498835	0.175501	0	309/100000
G001586735	G012839885	0.175501	0	309/100000
G003605055	G002011835	0.175501	0	309/100000
G000013645	G000818655	0.175612	0	308/100000
G001570525	G001570385	0.175612	0	308/100000
G001729525	G002476965	0.175612	0	308/100000
G000349845	G003476965	0.175724	0	307/100000
G000381345	G002384255	0.175836	0	306/100000
G001552375	G001898175	0.175836	0	306/100000
G000747625	G003165815	0.175949	0	305/100000
G000739795	G000818655	0.176175	0	303/100000
G001641695	G004799405	0.176403	0	301/100000
G002297665	G003165415	0.176403	0	301/100000
G000176855	G002281795	0.176632	0	299/100000
G001602545	G900538725	0.176632	0	299/100000
G000227685	G007116035	0.176747	0	298/100000
G012277295	G902642035	0.176862	0	297/100000
G004136555	G003450595	0.176978	0	296/100000
G900011245	G004799405	0.176978	0	296/100000
G000615525	G003476965	0.177095	0	295/100000
G003269315	G003476965	0.177095	0	295/100000
G001402795	G003249015	0.177212	0	294/100000
G001439225	G009691185	0.177564	0	291/100000
G012277295	G902646925	0.177683	0	290/100000
G000020645	G005862225	0.177801	0	289/100000
G000739995	G001724135	0.17804	0	287/100000
G900111835	G003476965	0.17816	0	286/100000
G902825965	G011525845	0.17816	0	286/100000
G000212695	G001898175	0.178401	0	284/100000
G000938285	G004799405	0.178401	0	284/100000
G001908185	G004799405	0.178523	0	283/100000
G000196815	G900696505	0.178644	0	282/100000
G003164715	G003151515	0.178644	0	282/100000
G000009945	G902498835	0.178767	0	281/100000
G000314575	G003522405	0.178889	0	280/100000
G000376645	G900638075	0.178889	0	280/100000
G000626675	G002482225	0.178889	0	280/100000
G001438395	G009691185	0.178889	0	280/100000
G000759715	G003246255	0.179012	0	279/100000
G001450355	G003476965	0.179012	0	279/100000
G000344805	G004799405	0.17926	0	277/100000
G001586785	G001672095	0.179384	0	276/100000
G004519545	G002384855	0.179384	0	276/100000
G000213805	G003476965	0.179509	0	275/100000
G000336555	G003963195	0.179634	0	274/100000
G000455385	G003476965	0.179634	0	274/100000
G009829685	G001898175	0.180013	0	271/100000
G001482365	G003450595	0.18014	0	270/100000
G001021495	G000735795	0.180267	0	269/100000
G001040865	G001898175	0.180267	0	269/100000
G001437755	G009691185	0.180267	0	269/100000
G001580365	G003450595	0.180267	0	269/100000
G007695125	G003562635	0.180524	0	267/100000
G902522955	G902551865	0.180524	0	267/100000
G000708885	G001898175	0.180653	0	266/100000
G000725485	G001570385	0.180913	0	264/100000
G000472425	G004799405	0.181043	0	263/100000
G003554425	G007122295	0.181043	0	263/100000
G000284375	G004799405	0.181174	0	262/100000
G000718255	G001896795	0.181306	0	261/100000
G000689415	G003476965	0.18157	0	259/100000
G001428895	G001475495	0.181837	0	257/100000
G000015565	G002281795	0.182106	0	255/100000
G900111925	G001898175	0.182106	0	255/100000
G001437905	G009691185	0.182241	0	254/100000
G002418285	G011525805	0.182376	0	253/100000
G000020725	G003499925	0.182513	0	252/100000
G000786195	G003450595	0.182787	0	250/100000
G009727125	G003476965	0.182787	0	250/100000
G000384335	G003987855	0.183063	0	248/100000
G902605035	G902551865	0.183063	0	248/100000
G000735045	G010436015	0.183202	0	247/100000
G001295845	G004799405	0.183622	0	244/100000
G001544555	G000818655	0.183622	0	244/100000
G000218545	G001898175	0.183764	0	243/100000
G001437855	G009691185	0.183764	0	243/100000
G000300995	G003526905	0.183905	0	242/100000
G000092865	G001898175	0.184048	0	241/100000
G000341345	G002339505	0.184191	0	240/100000
G000412695	G003476965	0.184191	0	240/100000
G001183545	G003524365	0.184335	0	239/100000
G000599865	G003516665	0.184769	0	236/100000
G002354895	G007713545	0.184769	0	236/100000
G000429045	G007693435	0.185357	0	232/100000
G000314675	G003963195	0.185506	0	231/100000
G001429255	G001898175	0.185506	0	231/100000
G011683915	G009377535	0.185655	0	230/100000
G000519045	G002396545	0.185805	0	229/100000
G008933675	G002396545	0.185805	0	229/100000
G000425065	G001896795	0.185956	0	228/100000
G002090115	G003246255	0.185956	0	228/100000
G900091675	G900548915	0.186107	0	227/100000
G000021805	G003448685	0.186259	0	226/100000
G000800395	G003516665	0.186259	0	226/100000
G003696205	G001898175	0.186411	0	225/100000
G000015265	G002384855	0.186718	0	223/100000
G000468475	G001896795	0.186718	0	223/100000
G902582155	G902551865	0.186873	0	222/100000
G900094735	G007693435	0.187341	0	219/100000
G009882915	G002706985	0.187816	0	216/100000
G000296465	G900545845	0.188297	0	213/100000
G000429605	G002396545	0.188622	0	211/100000
G000802255	G000818655	0.188622	0	211/100000
G008087345	G002384855	0.188785	0	210/100000
G010030895	G009691185	0.188949	0	209/100000
G000717475	G011049455	0.189447	0	206/100000
G001829715	G002422695	0.189447	0	206/100000
G001829705	G002422695	0.190122	0	202/100000
G000012425	G011391255	0.19081	0	198/100000
G000012885	G002435955	0.191159	0	196/100000
G001184205	G002011835	0.191335	0	195/100000
G000012965	G002422695	0.192229	0	190/100000
G902604695	G902551865	0.192411	0	189/100000
G000317535	G007692755	0.192777	0	187/100000
G001829655	G002422695	0.192777	0	187/100000
G000012425	G002396545	0.193147	0	185/100000
G000021545	G002878035	0.194475	0	178/100000
G902597175	G902551865	0.194864	0	176/100000
G000619805	G002878035	0.19506	0	175/100000
G902536305	G902551865	0.19506	0	175/100000
G902620525	G902551865	0.195257	0	174/100000
G900129565	G003542165	0.195655	0	172/100000
G902617025	G902551865	0.196058	0	170/100000
G001858025	G007692755	0.196261	0	169/100000
G000350145	G013002175	0.196465	0	168/100000
G000145255	G002405315	0.196878	0	166/100000
G000020565	G001897825	0.197086	0	165/100000
G004803695	G009775075	0.197295	0	164/100000
G000012745	G012274165	0.198145	0	160/100000
G000469445	G900544615	0.198145	0	160/100000
G900129455	G004299665	0.198145	0	160/100000
G900188055	G009377535	0.198145	0	160/100000
G000020025	G007692755	0.198578	0	158/100000
G000429605	G011391255	0.198578	0	158/100000
G001904635	G012032735	0.198797	0	157/100000
G001975465	G005862225	0.199685	0	153/100000
G001904635	G012034135	0.199911	0	152/100000
G000011365	G003963195	0.200138	0	151/100000
G000316575	G007692755	0.200829	0	148/100000
G000519045	G011391255	0.201063	0	147/100000
G000403435	G900544615	0.201773	0	144/100000
G900104755	G003963195	0.201773	0	144/100000
G004193595	G002868985	0.202013	0	143/100000
G000316645	G003556955	0.202254	0	142/100000
G000348785	G013002175	0.202497	0	141/100000
G000961805	G003132105	0.202743	0	140/100000
G000009705	G007692755	0.203238	0	138/100000
G000316645	G007692755	0.203488	0	137/100000
G000317025	G012032735	0.203995	0	135/100000
G000960765	G003132105	0.203995	0	135/100000
G000317025	G012034135	0.204251	0	134/100000
G000346485	G012031965	0.204251	0	134/100000
G000145235	G009377645	0.204769	0	132/100000
G000168715	G005862225	0.204769	0	132/100000
G001567585	G009377645	0.204769	0	132/100000
G001829785	G002422695	0.204769	0	132/100000
G008933675	G011391255	0.205031	0	131/100000
G000219585	G008015635	0.205295	0	130/100000
G000317535	G003556955	0.205295	0	130/100000
G000224515	G003132105	0.206099	0	127/100000
G000316625	G007692755	0.206099	0	127/100000
G003030385	G009377645	0.206099	0	127/100000
G001858025	G003556955	0.206371	0	126/100000
G000332135	G003556955	0.207482	0	122/100000
G000876225	G009377645	0.208339	0	119/100000
G001829695	G002422695	0.208339	0	119/100000
G009882915	G002384365	0.20863	0	118/100000
G000145235	G007130245	0.209219	0	116/100000
G000325665	G900545435	0.209219	0	116/100000
G000316575	G003556955	0.209517	0	115/100000
G000316625	G003556955	0.210428	0	112/100000
G001878855	G002163065	0.210428	0	112/100000
G004364865	G007124885	0.211048	0	110/100000
G012911975	G003241845	0.211048	0	110/100000
G000717475	G002299865	0.211363	0	109/100000
G001577345	G002405315	0.211363	0	109/100000
G004364865	G013002175	0.21168	0	108/100000
G001298445	G003556955	0.212001	0	107/100000
G000009705	G003556955	0.212324	0	106/100000
G004564215	G006514895	0.212324	0	106/100000
G000876225	G007130245	0.212651	0	105/100000
G001885615	G003454485	0.213313	0	103/100000
G003569385	G005116775	0.213313	0	103/100000
G000020025	G003556955	0.214331	0	100/100000
G002429515	G011524725	0.215027	0	98/100000
G000204075	G003556955	0.215738	0	96/100000
G000518245	G900545435	0.215738	0	96/100000
G000300115	G003556955	0.216098	0	95/100000
G000300115	G007692755	0.216098	0	95/100000
G000746085	G006514895	0.216831	0	93/100000
G004564215	G003154895	0.216831	0	93/100000
G000934745	G011049455	0.217204	0	92/100000
G001676785	G900545435	0.217961	0	90/100000
G000092845	G900545435	0.218346	0	89/100000
G000092245	G002163065	0.219527	0	86/100000
G011764445	G009377645	0.21993	0	85/100000
G000482485	G003454625	0.220338	0	84/100000
G011764445	G007130245	0.220338	0	84/100000
G000332195	G012030825	0.221168	0	82/100000
G000622245	G900545035	0.221168	0	82/100000
G001567585	G007130245	0.221168	0	82/100000
G003030385	G007130245	0.222019	0	80/100000
G001314865	G003242115	0.223336	0	77/100000
G001655195	G002163065	0.223786	0	76/100000
G001515955	G012519325	0.224243	0	75/100000
G000332035	G007693955	0.225174	0	73/100000
G004115885	G002163065	0.225174	0	73/100000
G000332195	G012034765	0.225649	0	72/100000
G000522985	G011525845	0.226131	0	71/100000
G007483665	G009377645	0.226131	0	71/100000
G000934745	G002299865	0.227116	0	69/100000
G002699025	G004213565	0.227619	0	68/100000
G000284235	G002163065	0.228648	0	66/100000
G000237145	G009377645	0.229708	0	64/100000
G009874475	G002697825	0.230802	0	62/100000
G000716715	G007130245	0.231363	0	61/100000
G000716715	G009377645	0.231932	0	60/100000
G000737325	G004213565	0.2337	0	57/100000
G000173615	G002878035	0.234931	0	55/100000
G000717135	G009377645	0.234931	0	55/100000
G000185805	G003978805	0.235563	0	54/100000
G000025265	G009785395	0.236207	0	53/100000
G000018105	G012033135	0.240348	0	47/100000
G001263205	G009780955	0.256992	1.157e-204	29/100000
