G000695235	G000719825	63.2283
G000695235	G001484705	69.0674
G000204605	G000719825	69.0873
G002699025	G004213565	70.3412
G000737325	G004213565	70.6169
G000185805	G003978805	71.276
G000025265	G009785395	72.0196
G001655195	G002163065	72.0865
G000284235	G002163065	72.5479
G000092245	G002163065	72.6921
G001878855	G002163065	72.7855
G900188055	G009377535	72.8629
G000622245	G900545035	72.9797
G003554425	G007122295	72.9897
G001263205	G009780955	73.0119
G004364865	G013002175	73.031
G004115885	G002163065	73.0618
G900129565	G003542165	73.1197
G000735045	G010436015	73.16
G000716715	G007130245	73.1936
G000934745	G011049455	73.226
G000716715	G009377645	73.4862
G000717135	G009377645	73.5566
G007483665	G009377645	73.5805
G004364865	G007124885	73.7368
G000018105	G012033135	73.7659
G004803695	G009775075	73.8371
G000237145	G009377645	73.8678
G009882915	G002384365	74.0694
G000687395	G902498835	74.1509
G000009945	G902498835	74.2877
G010030895	G009691185	74.2912
G000026405	G002386555	74.3195
G001314865	G003242115	74.3565
G001184205	G002011835	74.3838
G002090115	G003246255	74.3882
G000332035	G007693955	74.3897
G000173615	G002878035	74.3937
G012960515	G012269805	74.4482
G000482485	G003454625	74.4644
G000717475	G011049455	74.4736
G000759715	G003246255	74.508
G000341345	G002339505	74.5296
G003605055	G002011835	74.6221
G011764445	G007130245	74.6568
G001437855	G009691185	74.6704
G001438395	G009691185	74.7086
G000020565	G001897825	74.7153
G000350145	G013002175	74.7233
G902620525	G902551865	74.7476
G000317435	G012034595	74.8225
G001437905	G009691185	74.8307
G011764445	G009377645	74.8476
G000717475	G002299865	74.8632
G002409625	G012839565	74.8881
G009874475	G002697825	74.8893
G001885615	G003454485	74.945
G000332195	G012034765	74.9995
G000348785	G013002175	75.0013
G900129455	G004299665	75.0072
G002418285	G011525805	75.0292
G902582155	G902551865	75.0384
G000145235	G009377645	75.044
G001437755	G009691185	75.044
G003030385	G007130245	75.0492
G000296465	G900545845	75.0593
G000332195	G012030825	75.0699
G000403435	G900544615	75.074
G001437425	G900460455	75.0747
G000429045	G007693435	75.0863
G001439225	G009691185	75.1322
G001567585	G007130245	75.1404
G003696205	G001898175	75.2044
G000429605	G011391255	75.2054
G000168715	G005862225	75.2072
G000626675	G002482225	75.2082
G000876225	G007130245	75.2434
G001975465	G005862225	75.2559
G002429515	G011524725	75.2571
G001429255	G001898175	75.2647
G001577345	G002405315	75.2691
G001829785	G002422695	75.273
G000469445	G900544615	75.2802
G000015265	G002384855	75.3155
G000011365	G003963195	75.3197
G000325665	G900545435	75.3338
G001829695	G002422695	75.3702
G000092845	G900545435	75.4117
G012911975	G003241845	75.4171
G001567585	G009377645	75.435
G900111925	G001898175	75.4484
G001027285	G003612255	75.5055
G004519545	G002384855	75.5085
G000876225	G009377645	75.5756
G001426485	G002476985	75.5955
G000497425	G000719825	75.6011
G000519045	G011391255	75.6028
G900104755	G003963195	75.611
G000747315	G002339505	75.6115
G003030385	G009377645	75.6365
G009829685	G001898175	75.6367
G001676785	G900545435	75.6453
G000938975	G000719825	75.6549
G900129645	G002433005	75.6695
G008087345	G002384855	75.6807
G001027285	G006519765	75.7063
G000718095	G000719825	75.713
G000218545	G001898175	75.7394
G008933675	G011391255	75.7833
G000285595	G002342085	75.8225
G000376645	G900638075	75.837
G000518245	G900545435	75.8394
G000312105	G002476985	75.8625
G000384335	G003987855	75.9097
G003864455	G003864475	75.9374
G001661495	G002297745	75.9378
G000721275	G000719825	75.9437
G001858025	G003556955	75.9508
G000300995	G003526905	75.9547
G001632775	G002297645	75.9577
G000212695	G001898175	75.9968
G000708885	G001898175	75.9987
G000739455	G002339505	76.0036
G000092865	G001898175	76.0099
G000300115	G003556955	76.0202
G009882915	G002706985	76.0331
G000746085	G006514895	76.0392
G001040865	G001898175	76.0432
G900094735	G007693435	76.0991
G004193595	G002868985	76.1054
G000009705	G003556955	76.1138
G000204075	G003556955	76.1262
G000378905	G009691185	76.1582
G000012425	G011391255	76.1847
G004564215	G003154895	76.1905
G000725485	G001570385	76.1982
G001298445	G003556955	76.2023
G900091675	G900548915	76.2122
G000332135	G003556955	76.2331
G001639025	G002339505	76.2347
G000312005	G001898175	76.2464
G000736415	G001486905	76.2605
G001552375	G001898175	76.285
G001402795	G003249015	76.2857
G000012965	G002422695	76.2863
G000720455	G000719825	76.3144
G000300115	G007692755	76.3247
G001634865	G001626545	76.3326
G003730275	G002362815	76.3328
G902604695	G902551865	76.3554
G001515955	G012519325	76.3569
G003704105	G002362815	76.3936
G000800395	G003516665	76.4074
G000294575	G009691185	76.4413
G001235865	G001626545	76.4431
G000332215	G003249015	76.4652
G000372085	G002339505	76.4718
G000010605	G000719825	76.4723
G011761985	G002362815	76.4855
G000009705	G007692755	76.493
G011683915	G009377535	76.4999
G000381265	G002281795	76.5122
G000827005	G000719825	76.5438
G000336555	G003963195	76.5445
G000335815	G002434125	76.5531
G000314675	G003963195	76.555
G000425065	G001896795	76.5897
G001580365	G003450595	76.5959
G000092385	G000719825	76.6169
G000739995	G001724135	76.6171
G902570675	G902581085	76.6252
G000158915	G000719825	76.6374
G000576425	G003241005	76.663
G902536305	G902551865	76.6809
G000718255	G001896795	76.6821
G001829715	G002422695	76.7028
G002354895	G007713545	76.7149
G001858025	G007692755	76.7161
G000786195	G003450595	76.7186
G000316625	G007692755	76.7407
G900116625	G002388375	76.7498
G902617025	G902551865	76.7564
G000468475	G001896795	76.7608
G000466985	G002362815	76.7773
G007695125	G003562635	76.7779
G001482365	G003450595	76.7897
G004564215	G006514895	76.8015
G000632805	G001898415	76.8233
G001294685	G002388375	76.8644
G000346485	G012031965	76.887
G902597175	G902551865	76.9097
G001602545	G900538725	76.9248
G000159635	G002339505	76.9259
G000316575	G003556955	76.9279
G003164715	G003151515	76.9306
G001829655	G002422695	76.9338
G001829705	G002422695	76.9495
G001682385	G007713545	76.9764
G001417755	G001570385	76.9905
G001183545	G003524365	76.9993
G000145255	G002405315	77.0006
G000317535	G003556955	77.0396
G001051995	G007713545	77.0443
G000520555	G004001285	77.0554
G000022305	G001724135	77.0555
G000701445	G002362815	77.062
G004168035	G002384855	77.0728
G001428895	G001475495	77.0803
G001425835	G003963195	77.0821
G000802255	G000818655	77.1424
G900291465	G900550125	77.1474
G000310185	G007713545	77.15
G000316645	G007692755	77.1505
G900105255	G002471895	77.1639
G002297665	G003165415	77.1811
G002288385	G009691135	77.2391
G000383815	G009691185	77.2561
G000300005	G003526905	77.2674
G000331735	G003612255	77.283
G000577555	G002339505	77.2908
G000263355	G003524365	77.2975
G000720305	G000719825	77.3012
G000018665	G002281795	77.3089
G000282995	G001724135	77.3139
G000378865	G009691185	77.3214
G001548015	G001476225	77.338
G000020025	G003556955	77.3581
G001696485	G001570385	77.4016
G001411495	G000818655	77.407
G000938975	G001484705	77.4267
G000756665	G002337725	77.4278
G001904635	G012032735	77.444
G000012745	G012274165	77.4445
G000429605	G002396545	77.449
G900114705	G002434125	77.453
G001548015	G000878385	77.4574
G000316645	G003556955	77.4578
G000012425	G002396545	77.4707
G000219585	G008015635	77.4798
G001295845	G004799405	77.4855
G000147815	G001484705	77.4877
G000020725	G003499925	77.4919
G001904635	G012034135	77.5164
G000349845	G003476965	77.5259
G000317025	G012032735	77.5427
G003254475	G004297125	77.5499
G000204645	G001724135	77.5605
G000012885	G002435955	77.5748
G000689415	G003476965	77.5899
G001267535	G003507845	77.596
G000317025	G012034135	77.602
G000144605	G002362815	77.615
G011526085	G008015095	77.6167
G000519045	G002396545	77.6183
G000092385	G001484705	77.6212
G001544555	G000818655	77.6285
G000973085	G900542205	77.6345
G000336255	G003507845	77.6353
G001418465	G000719825	77.6451
G000158915	G001484705	77.6468
G001188915	G000390045	77.6491
G000684975	G000818655	77.6568
G000213805	G003476965	77.6653
G000719955	G000719825	77.6706
G000964095	G002381195	77.6766
G000785435	G000818655	77.6849
G001279695	G000719825	77.6959
G000253295	G003987855	77.7145
G000721075	G001570385	77.72
G000317535	G007692755	77.7248
G001552635	G001896795	77.7314
G001746425	G000719825	77.7408
G001553285	G008661855	77.7416
G000482805	G002384255	77.7431
G001424025	G002362815	77.774
G001422605	G900538725	77.7744
G012932365	G008673975	77.7786
G900103005	G009881125	77.7822
G000012685	G003612255	77.8002
G000717345	G001484705	77.8007
G900018785	G002991565	77.8122
G000718635	G001484705	77.8444
G000959245	G000818655	77.8522
G000420065	G008661855	77.858
G001653075	G001570385	77.876
G900111835	G003476965	77.9001
G001450355	G003476965	77.9003
G009727125	G003476965	77.9086
G000715975	G001570385	77.9163
G000285555	G002342085	77.9326
G000717345	G000719825	77.9383
G003335355	G003241005	77.9384
G900109035	G003516265	77.9521
G004136555	G003450595	77.964
G000960765	G003132105	77.9719
G001641285	G902168095	77.9762
G000741165	G008673975	77.9829
G000739795	G000818655	77.9831
G000300995	G002337725	77.9856
G000020025	G007692755	77.988
G000615525	G003476965	77.9949
G008933675	G002396545	78.0004
G000161775	G003516265	78.0012
G000227685	G007116035	78.0023
G000020645	G005862225	78.0063
G001729485	G000719825	78.0352
G001647675	G002381195	78.0388
G008087055	G902612085	78.0599
G000013365	G004799405	78.0783
G000720305	G001484705	78.1009
G003269315	G003476965	78.1104
G000455385	G003476965	78.1108
G000497425	G001484705	78.114
G003569385	G005116775	78.1151
G000219105	G003612255	78.1216
G000773975	G003507845	78.1323
G900106855	G008661855	78.1392
G000314575	G003522405	78.1433
G000196815	G900696505	78.1519
G002287885	G009691185	78.1587
G902519845	G902543325	78.1658
G000961805	G003132105	78.1768
G000246925	G900538605	78.1932
G001596795	G002297745	78.1957
G000717745	G001484705	78.1972
G900109175	G003476965	78.1992
G001865575	G000818655	78.204
G000024865	G001570385	78.208
G001647675	G900322255	78.2138
G002692105	G902525955	78.2147
G000717025	G001484705	78.2206
G000321415	G007116035	78.2296
G000176855	G002281795	78.2317
G000344805	G004799405	78.2375
G000806415	G003476965	78.2379
G002259685	G008673975	78.2514
G000255295	G006519765	78.2534
G009735685	G001484705	78.2653
G001830975	G002418725	78.2678
G001830165	G002418725	78.2851
G001425945	G002362815	78.2939
G001419745	G000719825	78.3105
G001905365	G001484705	78.3139
G001830045	G002418725	78.3178
G000830005	G000719825	78.32
G001729485	G001484705	78.3265
G000412695	G003476965	78.3363
G001279695	G001484705	78.3379
G001829965	G002418725	78.3484
G000196615	G003507845	78.3524
G001750785	G000719825	78.3548
G001690355	G001723875	78.3673
G001298675	G002281795	78.3795
G000518285	G003013295	78.4001
G001427825	G002362815	78.4039
G000964095	G900322255	78.4063
G000011545	G000818655	78.4111
G000158935	G000719825	78.416
G001049335	G002869945	78.4169
G001690585	G001723875	78.4178
G001690435	G001723875	78.4336
G000056065	G001311765	78.4505
G000023405	G003241005	78.4721
G001690515	G001723875	78.4774
G000488255	G900322255	78.486
G000233655	G003241005	78.4895
G000612485	G001525555	78.4937
G001690385	G001723875	78.4952
G000153465	G011055635	78.5059
G001447335	G001634345	78.5121
G000619805	G002878035	78.5225
G000019945	G000878385	78.5232
G001941825	G002434125	78.5251
G000813765	G002362815	78.5365
G000147715	G003525965	78.5526
G001606005	G002476965	78.555
G000719335	G000719825	78.5552
G000407545	G000438515	78.5654
G001643095	G000878385	78.5702
G001652485	G012839885	78.5748
G000718095	G001484705	78.5756
G000021545	G002878035	78.5858
G000264315	G902168095	78.599
G001606005	G003522405	78.5993
G001310255	G002362815	78.6047
G000016565	G003476965	78.6191
G000341145	G000340945	78.6202
G000821105	G011742915	78.6293
G001597285	G003476965	78.6367
G000735605	G003248805	78.6463
G000429085	G001484705	78.6484
G000364625	G003476965	78.6568
G000225825	G003241005	78.6679
G001908185	G004799405	78.6682
G008087055	G902594275	78.6687
G001690535	G001723875	78.6689
G001424265	G002281795	78.6897
G000759475	G900538725	78.6901
G000719335	G001484705	78.7034
G001641285	G001898415	78.7049
G000022305	G002281795	78.7349
G001690425	G001723875	78.7361
G001690495	G001723875	78.7383
G000935205	G004799405	78.7433
G900011245	G004799405	78.7444
G000238395	G002297745	78.7537
G900100285	G003476965	78.7744
G001021935	G002991565	78.7751
G001690525	G001723875	78.7791
G010592515	G900636085	78.7838
G000720455	G001484705	78.7845
G000938285	G004799405	78.7995
G001431645	G002991565	78.8028
G001586785	G001672095	78.8032
G000820125	G001634345	78.8051
G000204645	G002281795	78.8066
G900078695	G001525555	78.817
G000697965	G000421085	78.8291
G000814675	G002297745	78.8307
G000802245	G000719825	78.8326
G003173715	G000878385	78.8614
G000011465	G902521125	78.8624
G001641695	G004799405	78.8783
G001278075	G001484705	78.8872
G000472425	G004799405	78.8907
G000284375	G004799405	78.8939
G902519845	G902577835	78.9076
G001586735	G012839885	78.9184
G000981765	G003370465	78.9421
G000519065	G003241225	78.9517
G000784965	G900538725	78.9693
G001465295	G002297745	78.9759
G000620485	G001898415	79.0249
G000423385	G002314325	79.0329
G000815185	G002991565	79.0483
G000011365	G004799405	79.0696
G001429505	G003248805	79.074
G000526595	G004769145	79.0756
G001182895	G902168095	79.0777
G000253235	G001484705	79.0795
G000013745	G004799405	79.0823
G000719955	G001484705	79.1169
G000241265	G002435425	79.1261
G000745265	G002434125	79.1318
G001417815	G008673975	79.1477
G000739995	G002281795	79.1515
G001042635	G008673975	79.1549
G000827005	G001484705	79.1627
G004342425	G002297645	79.1733
G000721275	G001484705	79.1744
G001620325	G003241225	79.1776
G000599985	G001690305	79.1895
G000830005	G001484705	79.2005
G902522955	G902551865	79.2271
G001660045	G000719825	79.2323
G001402795	G003249035	79.24
G902605035	G902551865	79.2413
G000017265	G004297125	79.2497
G000178875	G003241225	79.2543
G000332215	G003249035	79.2601
G900100495	G003476965	79.2724
G000735105	G009360455	79.2878
G001905365	G000719825	79.2942
G000735135	G009360455	79.3044
G012797505	G011620455	79.3086
G001634865	G003447855	79.3526
G001700965	G002991565	79.3641
G000264335	G001898415	79.3942
G010020825	G002281795	79.4159
G000718475	G001570385	79.4796
G001426225	G003248805	79.4896
G001235865	G003447855	79.5014
G000331735	G006519765	79.5085
G001418465	G001484705	79.5141
G000702305	G003241485	79.5364
G001570425	G001475495	79.5576
G000741785	G008673975	79.5733
G000015005	G001475495	79.589
G000015565	G002281795	79.5953
G000718595	G001484705	79.596
G000224515	G003132105	79.6036
G000286415	G001525555	79.6167
G000381345	G002384255	79.617
G000294515	G000340945	79.6263
G001412595	G002434125	79.6265
G001310795	G002281795	79.6273
G000253235	G000719825	79.6348
G902790255	G002393025	79.641
G001189965	G009914615	79.6533
G000720475	G001484705	79.6558
G001552515	G001570385	79.6578
G000725165	G001723875	79.6667
G010592515	G001807845	79.6725
G000023065	G008015085	79.6835
G001750785	G001484705	79.7138
G000741175	G008673975	79.7172
G001182895	G001898415	79.7408
G001858025	G001672095	79.754
G000425625	G003476965	79.7727
G000495505	G001486905	79.7838
G001509795	G000719825	79.7841
G001693435	G001723875	79.7855
G900103375	G003476965	79.7881
G000023225	G003542385	79.8041
G011106855	G003476965	79.8047
G000332135	G001672095	79.8136
G001267925	G009914615	79.8206
G011390385	G007116035	79.8354
G000369105	G002381195	79.8469
G000230695	G902168095	79.8472
G000953825	G003524365	79.8621
G000716675	G001484705	79.8889
G001278075	G000719825	79.9019
G001424165	G002434125	79.9183
G000771745	G002378905	79.919
G000312345	G002339505	79.9229
G002365325	G002726315	79.9538
G001418335	G000719825	79.967
G001021495	G000735795	79.979
G000599985	G001723875	80.0275
G001419745	G001484705	80.033
G009773315	G011620455	80.048
G001709315	G900538725	80.054
G000938305	G004799405	80.0693
G000021805	G003448685	80.0838
G001422605	G003507845	80.0845
G001808965	G000438515	80.0871
G001078275	G001525555	80.1231
G000511135	G001570385	80.13
G000213935	G002482225	80.1326
G000331005	G000719825	80.1432
G000716675	G000719825	80.145
G000508625	G008661855	80.1809
G000369145	G002381195	80.1944
G001617355	G902168095	80.2174
G000741715	G008673975	80.2819
G000226215	G002415925	80.3107
G001693385	G004799405	80.318
G000407245	G000438515	80.3325
G003314535	G002347465	80.3461
G000612825	G001475495	80.3581
G000091565	G003507845	80.3687
G000475415	G011742915	80.3759
G000832145	G001508125	80.3881
G001314305	G002991565	80.3881
G000720475	G000719825	80.3924
G000716805	G001484705	80.4076
G000745175	G002384255	80.419
G902611295	G902551865	80.4223
G012277295	G902642035	80.4251
G001571365	G001525555	80.4265
G000590475	G003476965	80.4316
G000091305	G000719825	80.4379
G000203835	G000719825	80.4641
G001646665	G000719825	80.4708
G000368625	G900322255	80.484
G001418415	G000719825	80.4932
G001878775	G002381195	80.506
G002001105	G902168095	80.5089
G000340435	G000735795	80.5179
G000321025	G900538605	80.5382
G012277295	G902646925	80.5442
G001431505	G002991565	80.5451
G001429395	G003248805	80.5509
G002001105	G001898415	80.5587
G001440405	G004799405	80.5723
G000436075	G900555755	80.5744
G000465555	G900538725	80.5777
G008667865	G900555755	80.5789
G000157895	G000735795	80.6007
G001915265	G900555755	80.6325
G000180175	G900538725	80.665
G000067205	G001525555	80.6738
G000164865	G001807845	80.681
G001419695	G000719825	80.6865
G000283495	G002319965	80.7002
G001418655	G001484705	80.7033
G000236865	G002431805	80.7117
G000331005	G001484705	80.7128
G001418335	G001484705	80.7282
G000750655	G001508125	80.7322
G001298265	G003248805	80.7441
G001514455	G001914155	80.7497
G000747625	G003165815	80.7515
G001690585	G001690305	80.7741
G000183565	G900538655	80.7774
G000007605	G900118655	80.788
G001420315	G003248805	80.8206
G000264315	G001898415	80.8244
G000017705	G003123995	80.8254
G000009945	G900118655	80.8378
G001690355	G001690305	80.8408
G001298575	G001484705	80.8495
G000388115	G001634345	80.8526
G000018945	G001508125	80.8619
G000648515	G900323745	80.8679
G000226215	G003497475	80.8726
G001886395	G003525145	80.8961
G001886435	G003525145	80.8975
G001690385	G001690305	80.9038
G000711245	G002706265	80.9163
G000195995	G900636085	80.9185
G000246925	G900538655	80.9208
G000800935	G003248805	80.9546
G000341085	G000340945	80.9621
G000317595	G000719825	80.9973
G000341125	G000340945	81.012
G001457475	G001525555	81.0244
G000802245	G001484705	81.0262
G000317595	G001484705	81.0365
G000745475	G003248805	81.0683
G000454045	G004211705	81.0727
G000648515	G900636085	81.0761
G000376565	G001484705	81.0795
G000261485	G000421085	81.0887
G000367205	G001812935	81.1223
G000017425	G001584035	81.1815
G000423905	G002378905	81.2092
G001298575	G000719825	81.235
G000372885	G003248915	81.2365
G000763385	G003241845	81.2492
G001558935	G900636085	81.2617
G001558935	G900323745	81.2674
G000471025	G902498835	81.2762
G000725495	G001484705	81.2863
G000187005	G002378905	81.2909
G002101845	G000735795	81.3367
G000741695	G008673975	81.3402
G001418475	G001484705	81.3414
G001021715	G003533385	81.3451
G000283575	G900550275	81.3501
G002007725	G902498835	81.3561
G000311825	G900538605	81.3606
G001654855	G002184635	81.3659
G000378025	G003241485	81.3898
G900104755	G004799405	81.4176
G000698595	G000818655	81.4236
G001005085	G001484705	81.429
G001714725	G002281795	81.4914
G000309385	G003241845	81.4917
G001514045	G001484705	81.4939
G001577345	G002403995	81.5003
G000020945	G012842545	81.517
G000219605	G003476965	81.533
G000661955	G002991565	81.5485
G000156435	G000719825	81.5929
G900100155	G003241485	81.6098
G001279585	G000340945	81.6251
G000716805	G000719825	81.6488
G001013905	G000719825	81.6855
G001562295	G003525145	81.7285
G000725795	G001484705	81.7524
G000824785	G004962545	81.7654
G000349585	G003497475	81.7814
G000306885	G902642035	81.7997
G001647615	G002492685	81.7998
G000187465	G004331935	81.8001
G001580195	G002492685	81.8488
G000725795	G000719825	81.8699
G004339805	G002430305	81.8761
G000092925	G003241485	81.8806
G000480315	G012839885	81.8814
G001578645	G002492685	81.9067
G012965425	G012959905	81.9104
G000497445	G001484705	81.9462
G001418585	G001484705	81.9483
G000418365	G002482225	81.9538
G011057975	G002707985	81.9614
G000163595	G001914155	81.969
G900149785	G007693465	81.9738
G001889105	G000421085	81.9925
G000309885	G002378905	82.0071
G000204605	G001484705	82.0327
G000725495	G000719825	82.0354
G000018545	G000421085	82.0548
G000312025	G900538655	82.0592
G001418655	G000719825	82.0909
G000204195	G002281795	82.1326
G001279985	G001484705	82.1333
G000349325	G001484705	82.1747
G009923655	G002292925	82.1759
G000721105	G001484705	82.1841
G005938655	G003526905	82.1966
G000069965	G002184635	82.2035
G000744885	G002378905	82.2038
G000185905	G004018905	82.2111
G900552765	G900556945	82.216
G000756775	G003476965	82.259
G001511815	G000719825	82.2592
G000745065	G002378905	82.2963
G000218565	G003963195	82.3115
G000444875	G001484705	82.3355
G001672375	G004018905	82.342
G001302585	G000720375	82.3492
G001431535	G002991565	82.3517
G009937725	G001807845	82.3608
G010731535	G000735795	82.3731
G001602545	G003507845	82.3767
G003280025	G902534475	82.3893
G001511815	G001484705	82.4004
G001586165	G002338985	82.4125
G004964895	G004018905	82.4132
G001630765	G002415925	82.4369
G003280025	G902521125	82.4382
G003523185	G002456955	82.4387
G002840845	G011526165	82.4696
G001768395	G002426345	82.4864
G006440785	G004018905	82.4899
G001586165	G002379545	82.4923
G000824825	G004962545	82.5111
G000376565	G000719825	82.5125
G000716215	G001484705	82.5296
G001005085	G000719825	82.5509
G000312565	G000296235	82.5704
G001513975	G001484705	82.5928
G001654495	G001484705	82.5961
G000497445	G000719825	82.6086
G000158955	G000719825	82.6274
G000278215	G000296235	82.6288
G001880325	G002378905	82.7304
G001279985	G000719825	82.734
G001676765	G004018905	82.754
G001901525	G012959905	82.8047
G001418475	G000719825	82.8573
G001514045	G000719825	82.8596
G001572725	G001914155	82.8677
G001509795	G001484705	82.9152
G000382345	G002434125	82.9325
G000349585	G002415925	82.9359
G001189535	G002479615	82.9525
G000701345	G004799405	82.9594
G000203835	G001484705	82.9687
G000158935	G001484705	82.9926
G004791955	G004962545	83.003
G000027145	G008269695	83.0162
G001189535	G002330965	83.0294
G000215745	G001807845	83.0357
G001660045	G001484705	83.0397
G000196435	G000296235	83.0539
G000689355	G000296235	83.0561
G000349325	G000719825	83.0771
G001611795	G001484705	83.0866
G000721235	G001484705	83.1027
G000949635	G011525665	83.1068
G010730055	G000735795	83.1276
G000278155	G000296235	83.1909
G001650905	G002696075	83.2058
G001676765	G004962545	83.2096
G004010295	G004962545	83.2116
G005063255	G004962545	83.2573
G000158955	G001484705	83.2784
G000278135	G000296235	83.2977
G003216725	G902521125	83.3346
G000317655	G002813895	83.3451
G001314905	G007693465	83.3453
G000215955	G002729955	83.3941
G001066585	G001807845	83.397
G001513975	G000719825	83.4103
G000312025	G900538605	83.4169
G004961195	G004018905	83.4332
G000240185	G001807845	83.4359
G001693745	G001723875	83.438
G003576595	G002711695	83.4388
G004961905	G004018905	83.4437
G006440785	G004962545	83.4626
G001611795	G000719825	83.467
G000706625	G000296235	83.4741
G001854555	G002964685	83.4933
G002266425	G003446085	83.5318
G000819865	G001634345	83.5415
G000505545	G002342085	83.5502
G000294715	G000296235	83.6019
G000816565	G004001285	83.6024
G000278195	G000296235	83.6125
G000721235	G000719825	83.6238
G001690445	G001723875	83.6362
G000354175	G003123995	83.6489
G001690425	G001690305	83.6509
G000828075	G012031965	83.6542
G001399775	G002378905	83.6638
G001916835	G900544615	83.6889
G001617355	G001898415	83.7031
G001525595	G003123995	83.7041
G004010325	G004018905	83.7317
G000422085	G001914155	83.7655
G001690535	G001690305	83.7743
G000009765	G000719825	83.7846
G009835815	G009838625	83.7849
G000022725	G000296235	83.7877
G000817735	G012031965	83.7944
G001932175	G000296235	83.8718
G000312545	G000296235	83.8723
G000276805	G002733565	83.8755
G001686985	G004018905	83.8888
G000046705	G000296235	83.9137
G001932215	G000296235	83.9302
G001932225	G000296235	83.9468
G001932165	G000296235	83.9544
G000708545	G000296235	83.9841
G000185905	G004962545	84.0171
G000716215	G000719825	84.0482
G000315565	G012031965	84.0557
G000698575	G000818655	84.0722
G000737945	G002380595	84.1176
G000247895	G001807845	84.1351
G000385415	G000296235	84.1808
G000695055	G003123995	84.1808
G000332975	G002500165	84.2143
G000341385	G000296235	84.2454
G003216725	G902534475	84.2824
G000230695	G001898415	84.2957
G001418415	G001484705	84.3056
G000008385	G902642035	84.3796
G001857665	G003931975	84.4331
G001040945	G009914615	84.4559
G001306135	G003512625	84.4573
G000008385	G902646925	84.4937
G000008385	G902646925	84.5252
G004017065	G004962545	84.5538
G001690495	G001690305	84.5824
G001418585	G000719825	84.5886
G000421625	G002378905	84.5928
G003564415	G003551085	84.6035
G000770645	G003132105	84.6162
G001419695	G001484705	84.7267
G000175235	G002281795	84.7461
G001686985	G004962545	84.7472
G001690255	G001690305	84.7791
G001516045	G003132105	84.7982
G001262595	G001476225	84.8025
G001690525	G001690305	84.864
G000280015	G000296235	84.8695
G000196395	G001634345	84.9094
G000829315	G902642035	84.9432
G000183745	G011330655	84.9604
G000512915	G900545845	84.9844
G000953735	G002733565	85.0059
G900010725	G003609755	85.0927
G001630765	G003497475	85.1119
G000786655	G003450595	85.1562
G000754505	G009691185	85.1741
G001189955	G009914615	85.2765
G900149695	G013041995	85.2998
G004791025	G004962545	85.3228
G000805385	G001475495	85.361
G000214035	G003248915	85.371
G000725175	G001723875	85.3795
G001571165	G009914615	85.3835
G001654495	G000719825	85.4077
G000158215	G002211645	85.4533
G001025175	G008673975	85.6214
G004017065	G004018905	85.6596
G000721105	G000719825	85.6646
G001915615	G900548915	85.7877
G000156435	G001484705	85.7938
G000824785	G004018905	85.7941
G001012825	G002367055	85.8085
G000278115	G000296235	85.8545
G002903165	G002471895	85.8566
G004791025	G004018905	85.8568
G001873375	G003249015	85.8591
G000478785	G003516665	85.9628
G000376585	G902642035	86.0648
G000344275	G004331935	86.0767
G002104675	G000735795	86.1125
G001548455	G003261315	86.12
G000014805	G001634345	86.1853
G000820205	G001634345	86.1886
G001904645	G003261315	86.1909
G001678035	G002431625	86.2035
G001547795	G002431625	86.2495
G000341655	G002431625	86.2515
G000073005	G902642035	86.2631
G001515295	G002431625	86.2824
G002007845	G002431625	86.322
G001637495	G902646925	86.3241
G000009025	G002431625	86.3477
G000830885	G002431625	86.3522
G000025585	G002431625	86.3536
G000073005	G902646925	86.3744
G000341695	G002431625	86.39
G000016705	G002431625	86.3932
G001637495	G902642035	86.4262
G001460955	G002431625	86.4462
G009936215	G011056515	86.4738
G000376585	G902646925	86.4893
G000015885	G900638075	86.4951
G000204235	G001812935	86.5304
G001408335	G003450595	86.5577
G000331595	G902642035	86.5831
G000455325	G001475495	86.586
G000828085	G012031965	86.5933
G002021775	G002431625	86.5953
G000317205	G003261315	86.6589
G000331595	G902646925	86.6732
G000314735	G003963195	86.6911
G000017145	G000421085	86.7425
G004965685	G004018905	86.7755
G002288005	G009691185	86.8047
G001262595	G000878385	86.9468
G001761445	G002431625	86.9473
G004791955	G004018905	87.0342
G000519105	G900548915	87.0863
G001499755	G002991565	87.0895
G005063255	G004018905	87.1383
G000321025	G900538655	87.1768
G000426925	G001672095	87.1925
G000177615	G900067225	87.233
G000278295	G000296235	87.2397
G000521175	G001672095	87.3174
G000191145	G008978205	87.4054
G000017405	G012839885	87.4207
G004010325	G004962545	87.471
G902525995	G002726375	87.4846
G001713665	G008978205	87.5067
G001729525	G003522405	87.5187
G000312525	G000296235	87.6203
G000437075	G002492685	87.7862
G002283365	G012269805	87.8359
G000183885	G008269695	87.8546
G900183965	G002835445	87.8678
G000484635	G001724135	87.9109
G000312705	G001672095	88.0454
G000824825	G004018905	88.1294
G000759935	G902521125	88.1728
G000433375	G006218125	88.1887
G000183565	G900538605	88.1932
G000960735	G008269695	88.2065
G001724505	G900696505	88.2146
G000341065	G000340945	88.2153
G000759855	G902521125	88.2172
G000311825	G900538655	88.2519
G000340565	G003556955	88.2785
G000759865	G902521125	88.2914
G002726915	G002323995	88.373
G000146165	G003241225	88.4024
G000759855	G902534475	88.4325
G000221145	G001812935	88.4442
G000759865	G902534475	88.4842
G000369105	G900322255	88.4873
G003467125	G002395615	88.5202
G000759935	G902534475	88.5501
G902592415	G902551865	88.598
G000204035	G002362815	88.9378
G001626275	G003525145	88.961
G004010295	G004018905	88.9787
G001626115	G003525145	89.054
G007695125	G007130445	89.0659
G002922735	G002714255	89.2333
G001902575	G900458955	89.2835
G001678055	G002431625	89.3182
G000340565	G007692755	89.3236
G001612575	G900458955	89.355
G000830905	G002431625	89.3611
G000759955	G902521125	89.3627
G000764205	G002162925	89.3704
G000291295	G001584035	89.378
G004964905	G004962545	89.4016
G001459095	G002431625	89.4192
G000158595	G902521125	89.483
G000011905	G002431625	89.5115
G004964895	G004962545	89.5645
G000238275	G002297745	89.6846
G002007825	G002431625	89.7114
G001924935	G002297745	89.7196
G000832605	G001584035	89.794
G001626315	G003525145	89.796
G002007905	G002431625	89.8896
G012161415	G900636085	89.9325
G902536555	G902521125	89.9365
G012161415	G900323745	89.9952
G000012645	G902534475	90.1241
G004961165	G004962545	90.1556
G000634635	G902521125	90.1772
G001873365	G003609755	90.182
G000023605	G002869945	90.1947
G000015965	G902521125	90.3433
G000634355	G902521125	90.3898
G000634615	G902521125	90.4131
G000015645	G902521125	90.4201
G004964325	G004962545	90.5109
G004962305	G004962545	90.5211
G000634595	G902521125	90.5394
G001952815	G002322695	90.5469
G001275395	G003261315	90.5794
G000635595	G902521125	90.594
G000447295	G003261315	90.6014
G000634855	G902521125	90.6217
G000635535	G902521125	90.6735
G001180325	G902521125	90.6798
G000635715	G902521125	90.7324
G000018605	G001509385	90.7325
G004961905	G004962545	90.8139
G000181895	G000502035	90.868
G000634675	G902521125	90.8755
G000183405	G002878065	90.9139
G000635875	G902521125	90.9275
G000434815	G002492145	90.9421
G000635515	G902521125	90.9988
G000501215	G000502035	91.0026
G000980495	G002492145	91.0498
G000634435	G902521125	91.0562
G000501015	G000502035	91.0618
G000501275	G000502035	91.072
G000759955	G902534475	91.0738
G000007825	G001584035	91.1062
G001420855	G001584035	91.1373
G000501875	G000502035	91.143
G009696445	G900555005	91.1568
G000501695	G000502035	91.165
G000501615	G000502035	91.1836
G000501235	G000502035	91.2231
G000501155	G000502035	91.262
G001509095	G012729145	91.2879
G000501735	G000502035	91.3051
G900009135	G003609755	91.3153
G001508975	G012729145	91.3196
G000501675	G000502035	91.3645
G004961195	G004962545	91.3687
G000501915	G000502035	91.3704
G000635455	G902521125	91.3992
G000072485	G002991565	91.4564
G000501895	G000502035	91.503
G000746645	G008978205	91.5081
G000714705	G000502035	91.5477
G001922545	G000502035	91.5482
G000501755	G000502035	91.5662
G000501595	G000502035	91.5679
G000007325	G002211645	91.5747
G000500975	G000502035	91.6607
G902613805	G902581085	91.6687
G000739475	G000502035	91.7394
G000428825	G003542385	91.9252
G000027165	G004331935	91.9582
G000317245	G003261315	92.1076
G001627475	G902521125	92.3418
G000304735	G000502035	92.4328
G000612605	G900538725	92.4347
G000317995	G900118655	92.4972
G000300045	G000502035	92.5276
G001401485	G900118655	92.5307
G001401455	G900118655	92.5813
G000298435	G900118655	92.5814
G000298535	G900118655	92.5958
G001714585	G900118655	92.6105
G000270385	G900118655	92.6153
G001736055	G900118655	92.62
G000204175	G900118655	92.6279
G000227525	G902594275	92.6316
G000298555	G900118655	92.6331
G000298375	G900118655	92.6502
G001854465	G002211645	92.652
G000211155	G900118655	92.6867
G000270405	G900118655	92.688
G000270425	G900118655	92.7012
G000687395	G900118655	92.7211
G000298515	G900118655	92.744
G000298455	G900118655	92.7595
G000338695	G900118655	92.7646
G001401475	G900118655	92.7682
G001508055	G001509385	92.7693
G000415685	G900118655	92.7718
G001563055	G900118655	92.7732
G001714575	G900118655	92.7867
G000298495	G900118655	92.7967
G000191925	G900118655	92.8127
G000219105	G006519765	92.8136
G000007845	G001584035	92.8567
G001714565	G900118655	92.8638
G000417585	G900118655	92.8853
G001401465	G900118655	92.924
G000227525	G902612085	92.9486
G000007845	G001584035	92.9494
G000417845	G900118655	92.9681
G000008165	G001584035	92.9755
G000786005	G900118655	92.9809
G000298475	G900118655	93.0118
G000008505	G001584035	93.0241
G000298415	G900118655	93.1325
G001404695	G900543615	93.2321
G000246875	G011742915	93.2753
G000527135	G003248915	93.4073
G000784835	G001508125	93.618
G002686085	G002168145	93.6551
G000455225	G002319965	93.6817
G000015965	G902534475	93.7352
G902160675	G001807845	93.7357
G900167475	G002476985	93.764
G003987095	G002388375	93.7773
G000384495	G902543325	93.799
G000648615	G006777585	93.8933
G000384495	G902577835	93.9049
G000723745	G002492685	93.9267
G000020225	G002492685	93.9445
G000196735	G000411595	93.9651
G000092985	G000340945	93.9795
G000015645	G902534475	94.0412
G001543285	G002440555	94.1206
G001405375	G900543615	94.146
G001180325	G902534475	94.179
G902520835	G002457715	94.1845
G000635595	G902534475	94.1886
G000634615	G902534475	94.2258
G000634855	G902534475	94.267
G000635535	G902534475	94.2687
G000255295	G003612255	94.2823
G000635715	G902534475	94.3291
G000169035	G900543615	94.4042
G000434535	G900543615	94.4071
G000006965	G000421085	94.5388
G000431455	G002492145	94.5759
G001917295	G002492685	94.615
G000634595	G902534475	94.6501
G000635875	G902534475	94.6626
G000635515	G902534475	94.6641
G000980515	G002492685	94.6872
G000436395	G002492685	94.6897
G000619785	G008269695	94.7325
G001725075	G009996405	94.7389
G000634355	G902534475	94.7448
G000635455	G902534475	94.7529
G000634675	G902534475	94.7928
G000431315	G902383995	94.7943
G001940945	G002492685	94.8179
G000297435	G009996405	94.8325
G000332585	G009996405	94.8591
G001706385	G009996405	94.8595
G000332585	G007095915	94.8709
G001704955	G009996405	94.8782
G000297435	G007095915	94.8891
G000205025	G002492145	94.8909
G000330925	G007095915	94.8955
G000330925	G009996405	94.9051
G000778805	G900636085	94.9071
G001725075	G007095915	94.9289
G000981785	G009996405	94.9378
G000307995	G009996405	94.9681
G000384995	G902611185	94.9697
G001885655	G009996405	94.9842
G000634435	G902534475	95.0025
G000312245	G009996405	95.0033
G001706385	G007095915	95.007
G001704955	G007095915	95.0393
G000307995	G007095915	95.0733
G001885655	G007095915	95.0935
G000312185	G009996405	95.1004
G000312245	G007095915	95.1051
G902635395	G902577835	95.1067
G000312205	G009996405	95.1078
G000981785	G007095915	95.1134
G000312205	G007095915	95.1321
G000312285	G009996405	95.1525
G902635395	G902543325	95.1648
G000312725	G007095915	95.2138
G000599945	G009996405	95.2457
G001264245	G007095915	95.2663
G000312285	G007095915	95.2787
G000526855	G003013295	95.2787
G000230655	G001508125	95.2828
G900110385	G008015635	95.2874
G000008545	G001508125	95.3022
G000978555	G001508125	95.3042
G000513215	G001914155	95.3226
G000312185	G007095915	95.3275
G001878775	G900322255	95.3324
G001264245	G009996405	95.3494
G000988325	G002322695	95.364
G000312725	G009996405	95.3714
G000787675	G007095915	95.3839
G900700355	G000735795	95.4903
G001816025	G002338985	95.674
G000369145	G900322255	95.6774
G000778805	G900323745	95.7087
G001816025	G002379545	95.7349
G000312165	G007095915	95.7963
G000010625	G007095915	95.8311
G000312165	G009996405	95.8375
G000312265	G007095915	95.8586
G000781475	G900636085	95.9146
G001747005	G002813895	95.9766
G000777875	G900323745	95.9841
G000312265	G009996405	96.0148
G000010625	G009996405	96.0302
G001578075	G007095915	96.0304
G001294745	G002388375	96.0375
G001578075	G009996405	96.1097
G000781475	G900323745	96.1313
G001690435	G001690305	96.157
G002006815	G009918485	96.1811
G000248055	G002500165	96.211
G000160455	G002433005	96.2279
G000243335	G008933815	96.3145
G002009735	G008933815	96.3462
G001593245	G001634345	96.3896
G000315585	G003261315	96.3904
G002006815	G010031595	96.3924
G001627475	G902534475	96.4306
G000190755	G002454495	96.4677
G900107215	G002433005	96.4914
G002895025	G003447855	96.507
G000016785	G001508125	96.5289
G000338055	G003241005	96.536
G902523065	G902525955	96.5368
G000934435	G003261315	96.595
G005864045	G003521095	96.6578
G000777575	G900636085	96.6665
G000021885	G009797425	96.6993
G001808025	G002322695	96.7233
G000006925	G900323745	96.7417
G000183345	G900636085	96.7887
G000012845	G001404395	96.8733
G001690515	G001690305	96.8904
G000012685	G006519765	96.9184
G000183345	G900323745	96.9338
G000777575	G900323745	96.9477
G000264335	G902168095	97.0358
G000689175	G902642035	97.0645
G000444545	G009797425	97.0763
G012357415	G900323745	97.0871
G000426465	G009360455	97.115
G000779535	G900636085	97.1328
G900120415	G008661855	97.1338
G000008865	G900323745	97.1361
G000006925	G900323745	97.1424
G000758725	G002367055	97.1465
G902518775	G002715745	97.1483
G001705225	G003476965	97.1499
G008273775	G900323745	97.1525
G000312125	G002363295	97.1748
G902601495	G002712105	97.2061
G000026345	G900636085	97.2096
G000012005	G900323745	97.211
G000172375	G009797425	97.2158
G007998125	G900323745	97.2388
G000712635	G003241225	97.2712
G000368625	G002381195	97.2742
G000689175	G902646925	97.2772
G010026065	G005791235	97.28
G001866515	G002434125	97.3215
G001283625	G900323745	97.3278
G000944855	G900323745	97.393
G000026325	G900636085	97.4151
G000299455	G900323745	97.4182
G000025105	G001508125	97.4642
G000026345	G900323745	97.4858
G007785795	G002340685	97.5151
G012270245	G002298755	97.5248
G000635575	G902521125	97.5614
G900227605	G900323745	97.5818
G000025025	G002431625	97.5925
G001924945	G003525145	97.5944
G012357415	G900636085	97.6456
G000172635	G003525145	97.6695
G000153885	G900552635	97.6724
G001899705	G002322695	97.7002
G000020945	G012719895	97.7453
G001440465	G000411595	97.7468
G003072045	G008978205	97.7487
G001314975	G006218125	97.7519
G001517185	G000411595	97.7624
G001617995	G000411595	97.7636
G000012005	G900636085	97.7822
G000008865	G900636085	97.7935
G001461825	G000411595	97.7949
G000746035	G000411595	97.8115
G000779535	G900323745	97.8128
G900156245	G000411595	97.8224
G000740715	G000411595	97.8263
G000275785	G000411595	97.833
G001687195	G000411595	97.8354
G000437995	G006218125	97.8486
G001587325	G000411595	97.8703
G001975995	G000411595	97.8785
G001698145	G002386555	97.8955
G000756655	G002337725	97.9076
G000426385	G002479615	97.9115
G000702165	G002351115	97.9233
G000026325	G900323745	97.9295
G000011065	G006218125	97.9462
G001456215	G002835445	98.044
G000179395	G002482225	98.0446
G000010285	G003450595	98.0528
G900114425	G002351115	98.0865
G900108995	G002351115	98.0997
G000009745	G002117205	98.1207
G900112735	G002351115	98.1241
G000725405	G003533385	98.1253
G902792045	G002351115	98.1753
G000426385	G002330965	98.1902
G000196095	G003123995	98.2057
G000314575	G002476965	98.2143
G000415005	G002307795	98.227
G001603805	G003452015	98.2292
G000296465	G003524165	98.2467
G000420325	G002473345	98.2702
G000648015	G002307795	98.3042
G000493225	G003123995	98.3103
G000415085	G002307795	98.3294
G000196275	G002384255	98.3486
G007998125	G900636085	98.3504
G000777875	G900636085	98.3509
G902809815	G005795965	98.3515
G000007525	G008673975	98.3563
G000318015	G001525555	98.3697
G000007785	G002307795	98.371
G001643565	G004357485	98.3801
G002730355	G002388025	98.3929
G001643955	G001486905	98.3942
G000444565	G009797425	98.4019
G000944855	G900636085	98.4225
G000444645	G009797425	98.4308
G001283625	G900636085	98.441
G001010485	G002431625	98.4769
G001564995	G008269695	98.4873
G003506745	G011620455	98.4917
G001896645	G012839965	98.5209
G001307545	G001475495	98.5422
G001311725	G002316965	98.5475
G000953715	G012839465	98.5512
G900227605	G900636085	98.5592
G001611775	G009797425	98.588
G001042405	G002316965	98.6247
G000648175	G002307795	98.6286
G000444685	G009797425	98.6412
G000444605	G009797425	98.6455
G000444705	G009797425	98.6809
G001564695	G008269695	98.6826
G001075215	G002835445	98.6851
G003309745	G002835445	98.691
G001233785	G002835445	98.6927
G002015085	G009797425	98.6948
G001938355	G009797425	98.6994
G000567965	G008269695	98.711
G000697965	G002216665	98.7166
G001280145	G000878385	98.7192
G000972995	G008269695	98.7265
G000973005	G008269695	98.7279
G008273775	G900636085	98.7379
G000196035	G008269695	98.7443
G001463995	G008269695	98.7596
G001689425	G009775485	98.772
G000317935	G001525555	98.7835
G000620885	G008269695	98.7879
G000620905	G008269695	98.7913
G000389905	G000735795	98.8029
G001340935	G004331935	98.8036
G001719865	G004331935	98.811
G000688835	G009797425	98.8148
G000526435	G003242265	98.8266
G001133125	G004331935	98.8375
G001436775	G002316965	98.869
G000307265	G900550275	98.8772
G004963055	G004018905	98.9011
G000517565	G002877975	98.9286
G000620985	G003537455	98.9618
G001022195	G001807845	98.9711
G000019725	G000878385	98.9765
G000024985	G003242625	99.0062
G000307285	G002342085	99.0153
G001485475	G012839965	99.0182
G001280145	G001476225	99.0339
G000710505	G003609755	99.0759
G000299455	G900636085	99.0827
G000144735	G001812935	99.1002
G000145555	G001812935	99.1203
G000185885	G000390045	99.1252
G001567405	G002344155	99.1318
G000145515	G001812935	99.1352
G004962345	G004018905	99.1449
G003554425	G001564055	99.1501
G009842645	G009844615	99.1881
G004768415	G004768435	99.245
G000502095	G000502035	99.2653
G000019725	G001476225	99.2743
G003644525	G011052855	99.3416
G000770195	G002215425	99.3532
G009774865	G002362235	99.36
G000156295	G002378915	99.3762
G000499365	G002431625	99.3817
G001508875	G001508125	99.4118
G000158275	G002211645	99.4268
G000718005	G002895405	99.437
G000008025	G902646925	99.4774
G001513315	G012839465	99.4856
G000092785	G007859155	99.5156
G004803915	G009775485	99.5228
G001889305	G002431625	99.5625
G001438005	G002346355	99.5834
G000583875	G902498835	99.5873
G001571305	G003507845	99.5915
G001318165	G000735795	99.6417
G000017865	G003506195	99.6529
G002795845	G002478725	99.6565
G003139775	G003165815	99.6647
G000024385	G001896795	99.6732
G001438005	G002346835	99.6847
G001437355	G900460455	99.6851
G002070575	G002067585	99.6862
G000744735	G002380295	99.6918
G001204615	G000735795	99.7082
G001508115	G003506195	99.7369
G000273375	G000296235	99.7423
G001434815	G001311765	99.761
G000195835	G000735795	99.7979
G004114165	G000735795	99.8072
G000021485	G003931975	99.8297
G012516735	G001618625	99.8374
G009928345	G001175545	99.8566
G012516735	G001618615	99.8581
G000754445	G002293055	99.8682
G000195715	G001525555	99.8777
G000949635	G003577215	99.8789
G001418795	G003931975	99.8952
G001801305	G003542495	99.899
G001635685	G001626545	99.9032
G000830925	G002431625	99.9132
G000718325	G004769145	99.9171
G003167925	G003134375	99.9237
G002364815	G001871525	99.9323
G001873715	G002792475	99.9324
G001308895	G003931975	99.9475
G000011965	G003516265	99.9488
G001559335	G003931975	99.95
G000332315	G000341585	99.9591
G000024565	G900458955	99.963
G001871315	G002779915	99.9643
G000008025	G902642035	99.9664
G000008345	G001812935	99.9715
G000025125	G002380595	99.978
G000008565	G003516665	99.9783
G000091545	G002378905	99.9846
G002730875	G002473045	99.9918
G002344135	G002345135	99.9921
G001768535	G003506435	99.9942
G001769245	G003506435	99.9943
G001051235	G002337185	99.9946
G001768205	G003506435	99.9948
G001566965	G011321975	99.9953
G000018565	G003512625	99.9956
G001873795	G002323245	99.9973
G900094735	G001314785	99.9977
G000010305	G003543295	99.9996
G000021565	G003518825	99.9999
